Event_Time,Casualties ,Location ,Id
7/26/2019,8,Bode Group,1
7/4/2013,44,"Gerhold, Mohr and Hahn",2
9/28/1984,29,Jacobi Inc,3
8/12/2003,44,"Tromp, Huel and Raynor",4
4/10/2022,37,Watsica-Upton,5
10/2/2015,47,Conn-Ernser,6
5/13/1997,10,"Romaguera, Runte and Runolfsdottir",7
11/16/1981,2,"Von, Beer and Buckridge",8
11/19/1995,49,Abshire Group,9
2/2/1991,31,Kiehn-Wolf,10
12/26/2023,24,"Fadel, Mertz and Grant",11
3/20/2010,6,"Stokes, Green and Lesch",12
10/13/2020,40,Hayes and Sons,13
9/28/1999,38,Marvin and Sons,14
4/8/1991,23,Volkman-Hegmann,15
8/31/2010,32,"D'Amore, Bednar and Dickinson",16
2/5/2010,8,Ortiz-Bruen,17
7/31/2022,36,"Bartoletti, Farrell and Rowe",18
3/26/2012,34,McGlynn-Price,19
5/15/2008,33,"Graham, Ullrich and Baumbach",20
6/24/1995,47,"Ruecker, Ratke and Grant",21
1/11/2005,47,Borer-Kassulke,22
2/11/1997,32,"Willms, Blanda and Ledner",23
10/2/1993,29,Johnson Inc,24
1/28/2009,41,Reynolds Inc,25
5/21/1993,39,"Mills, Wilderman and Sauer",26
9/27/1982,28,Rutherford and Sons,27
6/13/1999,24,Batz-Schimmel,28
10/16/1990,27,Kilback Group,29
11/3/2003,7,Grant and Sons,30
2/18/2008,9,"Harris, Emard and Stroman",31
1/31/1993,18,Wuckert Inc,32
8/2/2020,30,O'Conner-Ankunding,33
8/9/2001,44,McDermott and Sons,34
7/27/2005,5,Williamson LLC,35
2/6/2018,3,Batz-King,36
1/7/2013,35,Frami-Blick,37
1/19/2019,21,Watsica and Sons,38
6/7/1991,9,"Borer, Hettinger and Lang",39
4/17/1997,35,"Senger, Quitzon and Mayer",40
6/23/1987,36,Yundt Group,41
6/8/2013,36,Donnelly Inc,42
9/15/1999,48,Stehr-Mitchell,43
9/16/2001,9,Farrell-Keeling,44
1/3/2023,49,Breitenberg-Balistreri,45
3/11/1993,2,Runolfsson and Sons,46
1/16/1996,12,"Will, Yundt and Blanda",47
6/21/1981,33,"Jacobson, Kub and Bahringer",48
7/8/1997,30,Hettinger-Watsica,49
10/13/1990,44,"Bernier, White and Ziemann",50
9/27/1989,11,Bahringer-Kuvalis,51
9/6/1997,18,Lind Inc,52
9/12/2000,3,"Franecki, Botsford and Klein",53
2/20/1987,28,Jaskolski Inc,54
10/20/1985,48,"O'Conner, Simonis and Walsh",55
11/18/2019,33,Gusikowski-Willms,56
10/14/2021,49,"Kihn, Murphy and Friesen",57
7/12/1998,23,"Hodkiewicz, Senger and Welch",58
9/6/2021,19,"Considine, McLaughlin and Fahey",59
5/16/1988,7,Walker Group,60
7/12/2011,13,"Monahan, Koss and Cartwright",61
6/26/1984,45,"Grant, Hansen and Schoen",62
5/20/2006,11,Parisian-Rosenbaum,63
1/24/2002,16,Weber LLC,64
1/8/1995,33,Kertzmann-Schaden,65
1/26/1997,18,Prohaska-Price,66
6/2/1999,23,Krajcik-Turner,67
4/24/2018,30,"Parisian, Stamm and Nitzsche",68
6/8/2020,10,"MacGyver, Nitzsche and Ullrich",69
3/10/2022,46,"Carter, Lueilwitz and Leffler",70
11/1/2023,17,Mayer Group,71
7/26/2005,48,"Walker, Feest and Balistreri",72
10/20/1991,27,Weimann Inc,73
3/30/1996,35,Zboncak and Sons,74
6/3/1994,32,White Group,75
7/15/2019,39,Thiel Inc,76
1/5/1986,36,Runte and Sons,77
2/24/1983,1,Smith Inc,78
1/15/1991,8,Trantow-Block,79
8/14/1983,47,Toy and Sons,80
8/31/2004,40,Ryan-Schaefer,81
1/8/1995,33,Hills-Ullrich,82
12/17/2001,46,Gerhold LLC,83
5/25/2019,27,Beer Group,84
7/16/1983,32,Schumm Group,85
8/10/1998,41,"Kovacek, Klein and White",86
6/22/2015,8,McCullough-Mann,87
2/25/1986,41,O'Hara-Beier,88
10/30/2013,24,Weber-Kilback,89
7/8/1987,14,"VonRueden, VonRueden and Cole",90
8/6/1995,48,"Purdy, Gibson and Kuhic",91
2/18/1983,30,Volkman LLC,92
1/26/2017,31,Kuvalis and Sons,93
12/13/1982,9,"Hegmann, Balistreri and Hamill",94
10/31/1985,18,Christiansen-Stamm,95
12/25/2019,28,Hamill-Brekke,96
11/8/1990,38,Bayer Inc,97
9/21/2011,39,Brekke and Sons,98
6/23/2018,29,Moen LLC,99
3/23/2011,13,"Harber, Predovic and Rau",100
9/2/2019,38,"Friesen, Kiehn and Schowalter",101
9/24/2006,10,Klein-Prosacco,102
2/22/2001,30,Lowe-Schmitt,103
2/2/2016,18,"Wiza, Breitenberg and Stanton",104
9/6/2023,28,Collier and Sons,105
5/14/1984,39,Denesik-Gibson,106
9/23/2021,12,"Mosciski, Breitenberg and Schimmel",107
2/29/1984,25,Leuschke-Lowe,108
8/13/2007,38,"Maggio, Baumbach and Murray",109
8/8/2003,32,Johns-Gleason,110
11/24/2012,19,Gutkowski Group,111
6/27/1988,12,"Steuber, Renner and Schulist",112
3/12/1994,41,Purdy Group,113
5/22/2023,22,"Hilpert, Anderson and Schiller",114
11/1/1984,18,Sipes Inc,115
10/3/1981,16,Wyman Inc,116
5/4/1981,17,"Howell, Schimmel and Wyman",117
11/30/1994,45,Littel-Weber,118
10/24/1989,39,Keeling-Hills,119
4/28/2021,7,Turner-Ondricka,120
7/24/2002,33,Emmerich-Walter,121
10/4/1991,25,"Lesch, Gulgowski and Becker",122
9/24/1983,48,Rutherford LLC,123
7/8/1998,7,Deckow-Goyette,124
4/3/1982,17,Kohler and Sons,125
4/1/2011,14,"Weissnat, Hauck and Stroman",126
11/23/2011,6,"Heller, Wiza and Jaskolski",127
12/2/1983,2,Morar-Konopelski,128
2/18/2005,14,Cole Inc,129
8/9/1982,12,"McClure, Hettinger and Koelpin",130
1/27/2002,2,Windler Inc,131
7/23/2003,42,"Ondricka, Witting and Reichert",132
6/12/2004,26,"Hamill, Kertzmann and Carroll",133
9/4/2004,42,Walter Inc,134
10/4/2016,46,McCullough Group,135
5/8/2024,49,Parker LLC,136
2/2/1995,22,Olson Inc,137
4/2/2011,41,Zboncak-Hessel,138
1/25/1998,24,Champlin-Little,139
8/11/2014,31,"Crist, Franecki and Johns",140
4/26/1997,48,Rogahn-Wuckert,141
2/9/2020,29,Zemlak LLC,142
8/26/1997,46,Rice-Mante,143
1/20/2015,49,"Stokes, Johnson and Aufderhar",144
10/7/1989,35,Cummings-Bruen,145
9/28/1994,5,Jacobi-Ernser,146
4/9/2017,30,Mayer Inc,147
7/14/2013,40,Emmerich and Sons,148
4/26/1994,18,Abshire Inc,149
3/11/2018,48,"Leuschke, Jaskolski and Greenholt",150
9/1/1980,26,Lesch LLC,151
9/25/1993,46,"Ryan, Hand and Pouros",152
12/2/2015,50,"Flatley, Lang and Rohan",153
7/4/1998,15,"O'Hara, Ebert and Watsica",154
2/1/1994,35,Farrell-Jerde,155
2/19/1990,30,Bergstrom-Emmerich,156
9/29/2003,29,Aufderhar Inc,157
10/8/2021,27,Hegmann and Sons,158
2/8/1997,39,Kohler Group,159
12/21/2007,18,"Erdman, Dickens and Conroy",160
10/31/1994,43,"Bailey, Prosacco and Schimmel",161
2/20/1986,49,"Metz, Harris and Schneider",162
10/3/1999,9,Paucek Group,163
11/9/2013,47,Greenholt-Kuhic,164
11/13/1999,37,Prohaska-Kovacek,165
2/10/1983,10,Schuster and Sons,166
5/20/2000,2,"Braun, Gibson and Connelly",167
10/21/1988,31,"Ritchie, Grimes and Leannon",168
2/16/2018,39,"Mante, Bode and Hettinger",169
2/22/2010,2,Balistreri-Dickinson,170
3/27/1992,10,Carroll Inc,171
5/11/2009,33,"Schumm, Kemmer and Zieme",172
11/30/1995,46,Bradtke Group,173
8/17/1992,7,Ratke and Sons,174
7/4/1995,35,"Mann, Dicki and Smith",175
6/12/2001,31,Rogahn-Rohan,176
10/29/2014,23,Harris-Goldner,177
3/16/1984,3,Pacocha-Brown,178
1/6/2008,34,"Cassin, Stark and Johnston",179
8/8/2015,18,Abernathy-Kuhic,180
7/14/2010,9,Spinka-Jacobi,181
10/27/2012,29,Shanahan Inc,182
7/24/2022,48,King LLC,183
8/11/2018,14,"Little, Jenkins and Anderson",184
7/18/1991,20,"Kuvalis, Sawayn and Krajcik",185
3/29/1988,10,"Pollich, Thompson and Jenkins",186
2/14/1998,44,"Miller, Collier and Lueilwitz",187
3/25/1996,6,Corkery LLC,188
8/28/2013,20,"Kihn, Kuvalis and Stracke",189
4/27/1987,29,"Luettgen, Olson and Harber",190
8/23/2013,13,Kuhlman-Morissette,191
1/21/2008,11,Wiza-Shanahan,192
2/19/2011,3,Altenwerth Inc,193
11/23/2003,34,Pagac and Sons,194
3/30/1995,27,Lindgren-Kshlerin,195
3/26/2017,49,"Ward, Bernhard and Denesik",196
9/7/2019,2,"Senger, Treutel and Kshlerin",197
9/12/2004,50,Keebler Group,198
3/18/2023,2,Barrows LLC,199
3/8/1988,14,Becker Inc,200
8/18/1989,44,Gleichner-King,201
4/5/2010,22,Stark and Sons,202
2/10/1981,6,Jacobi Inc,203
2/15/2015,33,Nitzsche Group,204
4/26/1984,21,Bergstrom-Tillman,205
12/9/2002,7,Blanda-Bayer,206
6/25/1996,9,Koch Inc,207
3/20/1992,7,Blick and Sons,208
8/21/2013,38,"Braun, Farrell and Considine",209
4/5/2018,3,Morissette-Block,210
6/15/2019,32,Wolff Group,211
7/15/2017,36,"Howell, Hackett and Windler",212
2/25/2014,17,Kuhlman-Boyle,213
5/31/1992,5,"Oberbrunner, Osinski and Bernhard",214
2/25/2022,24,Gorczany LLC,215
11/29/2020,41,Stokes Inc,216
6/1/1998,15,"Larson, Moore and Pagac",217
5/16/1992,8,Hauck LLC,218
7/23/2016,38,Hauck Group,219
5/21/1994,50,Metz and Sons,220
8/17/2017,5,"Ebert, Littel and Kshlerin",221
4/6/1989,34,"Sipes, Daniel and Rice",222
3/20/2008,1,"Mann, Simonis and Kassulke",223
5/6/2023,27,Wunsch LLC,224
6/9/1997,8,"Friesen, Kirlin and Mitchell",225
5/11/2000,35,Runte-Denesik,226
5/8/2000,35,Flatley LLC,227
9/13/2010,19,"Lang, Pollich and Kessler",228
10/2/2009,18,Heaney Inc,229
8/4/2018,32,"Kohler, Moen and King",230
9/26/2009,17,"Larkin, Ortiz and Nicolas",231
4/16/2019,42,"Kihn, Schulist and Ondricka",232
6/12/1984,2,Von Inc,233
6/14/1996,34,Hickle and Sons,234
1/8/1990,22,Kutch LLC,235
5/2/2022,47,Strosin-Kihn,236
12/3/1997,32,"Crist, Schmitt and Wintheiser",237
6/5/1990,9,Weber Inc,238
5/11/2002,47,Lehner-Gottlieb,239
8/9/1994,7,"Nicolas, Ryan and Gutkowski",240
5/12/2022,5,Jacobi Group,241
3/22/2011,12,Ratke-Shields,242
3/30/1983,29,Fadel and Sons,243
10/16/1983,21,Torp and Sons,244
11/14/1996,26,"Balistreri, Bayer and Beier",245
9/23/1999,32,"Douglas, Williamson and Shields",246
2/25/2016,32,Lindgren-Robel,247
10/15/1985,50,Ullrich-Emard,248
4/3/2004,13,"DuBuque, Weimann and Nolan",249
6/21/1981,19,McGlynn LLC,250
10/25/2021,10,Gislason-Pagac,251
5/19/2009,30,Kuphal and Sons,252
1/5/1988,4,O'Conner-Kassulke,253
6/30/1996,46,Gutkowski and Sons,254
11/8/1999,19,Grady Inc,255
11/21/1986,7,"Gorczany, Stanton and Nienow",256
5/30/2000,15,Harvey LLC,257
7/7/2003,18,"Haag, Kohler and Jacobson",258
4/21/2006,22,Leuschke LLC,259
12/10/1989,27,"Breitenberg, Fisher and Friesen",260
6/28/1980,25,Schiller Inc,261
6/9/1984,30,Bradtke Group,262
1/26/1991,33,Weissnat-Collins,263
4/29/1987,45,Homenick and Sons,264
4/12/1994,34,"Ruecker, Heathcote and Stamm",265
12/27/1996,14,Gulgowski and Sons,266
10/5/2011,28,Huel-Ryan,267
1/31/2014,33,"Frami, Torphy and Goodwin",268
8/4/1983,30,Marks-Cole,269
4/4/2011,17,Mueller-McCullough,270
8/31/2018,26,Rolfson-Cremin,271
10/14/2020,36,Purdy Group,272
7/18/2023,19,"Crooks, Kris and Rodriguez",273
3/22/1990,24,Ziemann Inc,274
12/4/2019,5,"Satterfield, Gerlach and Jacobs",275
10/3/1999,3,Jakubowski and Sons,276
5/16/1993,6,Carter Inc,277
1/5/1990,33,"Satterfield, Zboncak and Ferry",278
10/12/2003,2,Kuvalis-Homenick,279
8/28/2023,45,McDermott-MacGyver,280
2/9/1986,41,Schaden Group,281
11/5/2009,40,Jakubowski-Yundt,282
5/29/1988,27,"Roob, Fadel and Walter",283
3/18/2022,18,"Cartwright, Bogan and Senger",284
11/3/2021,4,Simonis-Hane,285
9/25/1980,40,Torp Group,286
5/20/2009,2,Littel and Sons,287
11/7/1991,49,O'Hara Group,288
1/10/1987,20,"White, D'Amore and Jacobs",289
9/28/2000,4,Goyette-Lindgren,290
6/29/2020,40,"Grimes, Torphy and Boehm",291
12/31/1990,16,Paucek LLC,292
5/30/2003,20,Ondricka-Spencer,293
9/29/2018,36,"Lueilwitz, Rippin and Jast",294
10/21/1989,22,Stracke-Murphy,295
4/13/2016,2,Grant and Sons,296
10/18/2006,31,"Wyman, Cartwright and Connelly",297
1/24/1998,2,"Thiel, Lemke and Simonis",298
11/28/1992,19,Mayer-Jast,299
8/11/2016,20,"Koepp, Senger and McKenzie",300
6/11/2023,19,Wintheiser and Sons,301
3/31/2022,28,"Kunze, Upton and Rogahn",302
4/13/2017,12,"Adams, Treutel and Ledner",303
2/20/2009,12,"Schowalter, Wunsch and Weimann",304
11/1/2000,13,"Wolff, Roberts and Kertzmann",305
8/19/1998,14,Murray Inc,306
8/11/2016,9,Gleason Group,307
7/21/1997,47,"Gibson, Fahey and Keebler",308
2/20/2014,44,Mosciski-Reichel,309
8/30/2002,33,Gutmann-Parisian,310
2/19/2010,42,Dicki-Okuneva,311
1/18/1989,1,Farrell-Upton,312
8/15/1984,36,Gorczany LLC,313
5/7/1983,4,Rowe-Ledner,314
6/3/1986,36,Welch and Sons,315
10/19/2022,26,"Denesik, Wolf and Hintz",316
1/3/2012,6,"Kreiger, Senger and Bartell",317
1/27/2002,7,Howell-Fisher,318
7/18/2018,16,Krajcik LLC,319
8/28/2016,33,McLaughlin and Sons,320
11/8/1992,27,Runolfsson Inc,321
7/19/1984,18,Koepp Inc,322
2/22/1993,8,"Kirlin, Block and Sporer",323
8/14/1988,30,"Leannon, Schulist and Beatty",324
12/14/2015,16,Kertzmann and Sons,325
1/1/1982,12,McKenzie-Gerhold,326
11/5/1983,21,Padberg LLC,327
2/15/1981,21,Brown-Harvey,328
10/27/1990,49,Reilly LLC,329
9/29/2000,18,"Moore, Wisozk and Howe",330
6/23/1990,24,"Hyatt, Gleichner and Weissnat",331
5/14/1986,5,Graham-Aufderhar,332
7/25/2000,29,Hermann-Altenwerth,333
5/9/1998,14,Robel-Hartmann,334
8/23/1994,40,"Goldner, Ritchie and Koss",335
11/20/2019,29,"Auer, Schiller and Welch",336
2/3/1989,12,Bogisich-Hane,337
8/3/1982,12,"Prohaska, Daniel and Toy",338
5/20/2000,12,"Blanda, Trantow and Dietrich",339
9/22/2000,42,Leffler and Sons,340
1/7/1995,19,"Baumbach, Reynolds and Mueller",341
10/15/2009,13,Kshlerin-Daugherty,342
6/19/2004,4,Nikolaus-Gutkowski,343
6/19/1986,32,"Larson, Cassin and Hintz",344
6/26/1996,50,Jenkins LLC,345
10/6/2003,48,Mueller Inc,346
1/19/2009,49,"Bartell, Mertz and Volkman",347
7/13/1995,39,"O'Hara, MacGyver and Dare",348
6/14/2008,19,Koelpin-Cummings,349
6/11/2023,22,Goldner Inc,350
10/29/1984,37,"Kautzer, Satterfield and Beer",351
11/13/1997,19,Gulgowski and Sons,352
9/13/2014,36,Towne-Emmerich,353
2/11/2017,20,"Friesen, Jast and Reichel",354
3/5/2024,44,Larkin-Spencer,355
7/28/1992,10,"Yundt, Wuckert and Stanton",356
5/30/2004,41,"Roob, Altenwerth and MacGyver",357
3/2/2001,41,Brown Inc,358
9/23/1983,17,Schowalter LLC,359
4/15/1993,19,Zemlak and Sons,360
9/6/2017,22,"Stracke, Krajcik and Stoltenberg",361
12/27/1994,4,Rippin Inc,362
7/4/2023,5,Kozey Inc,363
3/1/1982,29,"O'Hara, Stamm and Mayer",364
6/14/1990,6,"Gerhold, Walker and Nolan",365
4/11/1985,35,"Kuvalis, Hane and Corwin",366
12/20/1998,31,Wisoky-Stiedemann,367
5/27/2021,38,"Wisozk, Ziemann and Rowe",368
11/15/1990,39,Lesch and Sons,369
4/30/2013,35,"Zboncak, Fahey and Borer",370
10/1/2017,2,Rowe Inc,371
9/3/1984,45,Jacobson-Lockman,372
11/10/2008,49,Blanda-Olson,373
7/24/2020,45,Abernathy-Hayes,374
8/22/2018,4,Doyle-Powlowski,375
7/22/2007,35,"Heidenreich, O'Keefe and Wilkinson",376
7/30/2019,29,Marks Inc,377
2/6/1997,31,"Jacobi, Anderson and Walker",378
5/7/1999,7,"Becker, Sauer and Pfannerstill",379
7/8/2005,42,"Abshire, Fisher and Huels",380
9/30/1999,11,Will-Prosacco,381
3/2/2000,10,"Hand, Bechtelar and Gutkowski",382
4/20/2006,50,Lowe-Deckow,383
9/16/2001,45,Welch-Franecki,384
10/14/1997,31,Heidenreich-Smitham,385
7/21/1989,21,"Hoppe, Mertz and Heidenreich",386
11/14/1988,27,Langworth-Schowalter,387
6/8/2007,31,Volkman and Sons,388
12/3/2009,10,Dickens Group,389
3/4/2009,1,Zemlak Inc,390
2/12/1986,44,MacGyver LLC,391
4/10/1982,6,Kiehn Inc,392
6/9/1992,40,Fadel-Connelly,393
9/7/1992,16,Shanahan-Simonis,394
2/7/2009,33,Romaguera-Koch,395
10/29/1985,17,McDermott-Dare,396
1/16/2008,26,"Lebsack, Howell and McKenzie",397
12/5/1982,23,Senger and Sons,398
1/4/1989,43,Ullrich-Kreiger,399
4/16/1990,24,"Fahey, Christiansen and Schroeder",400
5/30/1991,29,"Bashirian, Gusikowski and Steuber",401
1/25/2016,22,"Beatty, Lowe and Huel",402
4/9/1989,20,Krajcik and Sons,403
9/11/2001,3,"Klein, Mayert and Cronin",404
8/28/1994,22,Leannon-Durgan,405
9/26/2001,16,Lemke-Kuhic,406
2/19/1996,45,"Schoen, Hintz and Beahan",407
4/9/2020,37,"VonRueden, Welch and Heidenreich",408
5/24/2016,12,Armstrong-Brown,409
8/10/2005,34,Donnelly-Roberts,410
10/18/1992,42,"Huel, Fay and Breitenberg",411
7/15/1996,8,Dickinson-Yost,412
11/18/2009,24,"Hansen, Marquardt and Wilderman",413
10/13/1989,12,Jacobi-Leannon,414
5/27/1995,32,Emard Group,415
9/27/2022,15,Brown Inc,416
4/20/1996,13,"Osinski, Hermiston and Bayer",417
2/9/2002,39,Heathcote-Glover,418
6/24/2004,7,"Hamill, Hamill and Wintheiser",419
7/29/1991,10,Boyer LLC,420
5/29/2000,14,"Gottlieb, Kerluke and Stiedemann",421
10/29/1996,40,Wolff-Carter,422
8/11/1998,31,"Bradtke, Wilderman and Sipes",423
10/28/1996,47,West Group,424
10/11/1988,19,"Zulauf, Rath and Hammes",425
6/20/1996,29,Hartmann-Kreiger,426
12/9/1994,41,Nader-Torp,427
4/27/2024,33,"Davis, Waters and Kohler",428
3/21/2015,35,"Nader, Quitzon and Grimes",429
8/12/1998,30,"Rodriguez, D'Amore and Streich",430
5/17/1984,39,McKenzie LLC,431
10/5/1984,34,Gleason-Anderson,432
3/7/2009,50,Funk LLC,433
4/11/2007,6,Hills-Mertz,434
2/8/1982,25,Waelchi Inc,435
1/10/2014,10,O'Kon-Thiel,436
7/22/2022,47,Purdy Group,437
1/19/2006,28,Kerluke Inc,438
12/21/2001,27,"White, Wilderman and Medhurst",439
10/2/2018,27,Konopelski LLC,440
8/19/1995,32,Metz-Smith,441
11/13/2017,43,McCullough-Mann,442
2/26/2002,36,"Fritsch, Crona and Rohan",443
4/24/2017,47,Feil-Legros,444
12/24/2023,27,"Haag, Haag and Gutkowski",445
3/20/2006,42,"Osinski, Koepp and Herzog",446
5/3/2000,23,Bahringer-O'Conner,447
5/8/2004,1,Doyle-Erdman,448
5/9/2012,4,Cassin-Ankunding,449
5/14/2024,9,Windler LLC,450
5/5/2017,37,Reichert Inc,451
4/2/2020,38,Jones LLC,452
6/13/2009,17,"Barton, Prohaska and Padberg",453
6/15/2018,1,Maggio-Bartell,454
1/7/2006,21,MacGyver Inc,455
5/6/1984,34,Raynor-Bogan,456
3/15/2022,46,Cassin-Leffler,457
5/24/2016,23,"Bradtke, Douglas and Collins",458
5/17/2015,47,Nader Group,459
6/14/2009,3,"Hills, Heaney and Bins",460
3/28/1985,29,Huel and Sons,461
3/30/2000,17,Boyer-Quigley,462
2/24/2012,7,Hahn Group,463
9/5/1984,39,"Hodkiewicz, Hills and Reichert",464
7/21/1992,22,Hahn-Will,465
9/20/2002,29,"Orn, King and Wehner",466
12/21/2009,45,Stracke Inc,467
4/19/2011,21,"Farrell, Parker and Cole",468
6/6/1990,36,"Barrows, Block and Hamill",469
4/28/2015,46,Schaden-Wuckert,470
5/1/2012,11,Nicolas-Konopelski,471
8/23/2007,4,Strosin LLC,472
7/16/1990,2,Gerhold-Barton,473
12/20/2009,46,Collins and Sons,474
9/23/2014,43,Dach Inc,475
3/14/2019,17,"Hintz, Jaskolski and Koepp",476
12/13/2021,2,Kerluke-Strosin,477
6/14/2017,40,Wisozk Inc,478
2/10/1993,20,Paucek-Olson,479
5/1/2016,17,"Prohaska, Johns and Buckridge",480
4/23/2021,37,Kilback-Bosco,481
3/9/2006,8,"Buckridge, Streich and Mayer",482
6/20/2016,3,Stiedemann-Kshlerin,483
10/9/1985,43,Weimann-Dickinson,484
10/16/1984,39,Mante-Schowalter,485
8/2/1982,44,"Heaney, Stanton and Wyman",486
6/25/1999,13,Brekke and Sons,487
3/1/1997,15,Trantow LLC,488
9/15/2023,2,Turner Group,489
6/3/2000,26,Collins Inc,490
12/20/1992,15,Denesik-Huels,491
2/6/2006,16,Effertz-VonRueden,492
12/30/2014,47,Batz-Keebler,493
6/16/2003,42,"Konopelski, Cruickshank and Spinka",494
3/12/2018,19,Kuphal and Sons,495
6/7/1982,24,Kuhlman-O'Hara,496
3/27/2016,39,Legros Group,497
1/3/2020,31,"Berge, Dicki and Schmidt",498
1/23/2024,40,McLaughlin-Dickens,499
5/4/1991,45,"Kemmer, Jacobi and Streich",500
7/28/2009,49,Thiel-Brakus,501
11/7/1995,9,Wolff-Balistreri,502
5/6/2011,4,Jaskolski-Feil,503
7/26/2003,7,"Wehner, Koelpin and Ebert",504
9/10/2021,42,"Maggio, Bartoletti and Veum",505
12/2/2007,48,Jaskolski Inc,506
1/16/2016,39,"Kulas, Padberg and Mertz",507
7/16/2005,41,Ryan-Metz,508
4/22/1985,20,"Armstrong, Boehm and Shields",509
6/7/1985,11,Grady-Schoen,510
7/29/1986,39,"Grady, Roob and Collins",511
5/16/1989,26,Davis-Bauch,512
8/17/1981,46,Ledner Group,513
1/9/1991,16,Hammes-Marks,514
4/16/2002,21,Hessel Inc,515
12/8/2003,33,Hermann-Quitzon,516
7/1/1996,16,Towne and Sons,517
6/3/1992,14,Quitzon-Hermann,518
12/12/1994,50,"Schulist, Emard and Lowe",519
11/10/2017,25,Bergnaum Group,520
11/29/2009,18,McKenzie-Cummerata,521
9/19/2007,22,"Spinka, Hagenes and Mann",522
3/9/1984,18,"Roberts, Koepp and Rohan",523
5/29/2009,43,"Carter, Frami and Strosin",524
7/14/2019,44,Howell-Spinka,525
4/1/1992,43,"Reinger, Raynor and Aufderhar",526
8/12/2016,39,Kihn-Hauck,527
3/29/1995,49,Schoen-Wunsch,528
5/23/1989,30,Heaney-Conroy,529
1/12/2007,7,"Lindgren, Altenwerth and Auer",530
12/21/2010,47,Schneider-Veum,531
12/7/2010,30,"Kautzer, Donnelly and O'Kon",532
6/3/1995,36,Barton-Monahan,533
11/10/2007,4,Muller Inc,534
2/22/1990,14,Spinka LLC,535
10/26/2000,45,"Altenwerth, Daniel and Stanton",536
1/13/2010,17,Gulgowski-Wehner,537
7/24/1983,25,Kutch-D'Amore,538
6/18/2012,5,Goodwin-Franecki,539
1/3/1987,29,"Kunde, Sanford and Cormier",540
1/15/1993,23,Cruickshank and Sons,541
11/25/2018,26,Rohan LLC,542
2/9/1993,36,Kozey Inc,543
7/9/1986,3,"Stehr, Hackett and Kling",544
11/28/2018,33,Schuppe Group,545
1/23/1983,47,"Rippin, Franecki and Von",546
1/28/2014,28,Berge-Gutkowski,547
1/11/2003,24,Strosin-Feil,548
8/11/2020,37,Balistreri-Simonis,549
9/16/2002,18,Zulauf-Fisher,550
7/31/2016,24,"Gottlieb, Gutmann and Tremblay",551
1/27/2020,34,Cartwright-Rosenbaum,552
5/31/1991,14,Will-Emard,553
1/7/2006,25,McKenzie and Sons,554
3/18/1999,35,Kozey and Sons,555
7/27/2017,10,Daugherty-Lesch,556
8/31/2022,9,Casper-Haag,557
9/24/2012,14,Swaniawski LLC,558
7/21/2017,30,"West, Lynch and Dibbert",559
9/27/1996,42,"Welch, Tremblay and Willms",560
11/26/2023,47,Tillman-Tremblay,561
6/4/1985,37,Lebsack-Greenfelder,562
11/4/2021,28,Bogisich Group,563
8/27/1987,39,Bailey-Langworth,564
3/1/2001,38,"Wunsch, Hettinger and Kreiger",565
5/30/2018,42,Blanda-Kerluke,566
10/26/1999,36,Mayer Group,567
6/11/2012,40,"Douglas, Wisoky and Schinner",568
9/25/1980,34,"Blick, Abbott and Mante",569
9/20/1991,18,"Jacobi, Bruen and Bednar",570
8/2/1980,19,"Runolfsson, Hilpert and Hilpert",571
5/21/1999,4,Emard-Dooley,572
3/3/2008,25,"Dickinson, Nolan and Reichel",573
5/7/2010,31,Bauch-Brakus,574
11/25/2020,26,Schuster-Fisher,575
9/16/2011,7,Brown LLC,576
8/5/2007,41,Smitham-Streich,577
8/25/2023,31,"Schuster, Goldner and Sanford",578
6/30/2013,49,"Boehm, Hintz and Hamill",579
3/29/1992,9,"Deckow, Hessel and Murphy",580
4/3/1987,25,Lockman and Sons,581
4/16/2019,10,Hagenes LLC,582
4/27/2016,29,Hilpert-Collier,583
4/17/2022,48,O'Keefe LLC,584
10/6/1985,22,Frami-Kulas,585
6/8/2004,5,Stamm-Kling,586
4/8/1987,41,Berge Group,587
4/24/2012,14,"Jerde, Lakin and Ebert",588
2/9/2022,6,Hauck-Keeling,589
2/19/2000,24,"Maggio, Willms and Maggio",590
8/2/1986,45,Breitenberg-Koepp,591
10/29/2021,2,Erdman LLC,592
2/18/2011,42,Huels-Treutel,593
1/7/2016,35,Lebsack LLC,594
3/3/2021,13,"Connelly, Kshlerin and Gleichner",595
1/18/1986,29,Vandervort-Stark,596
2/16/2019,46,Gerlach-Toy,597
11/13/2017,21,Bruen LLC,598
12/18/2005,20,Carroll-Wunsch,599
4/9/2012,24,Rohan-Lowe,600
6/15/2004,2,Herzog and Sons,601
8/6/1984,14,Price Inc,602
2/12/2005,48,"Jerde, Casper and Schulist",603
2/12/1997,40,Murray-Hermann,604
9/16/1981,14,Kulas-Streich,605
12/2/2003,39,Conn LLC,606
8/13/1984,43,Bradtke-Keebler,607
12/25/2007,33,Dickinson LLC,608
9/12/2016,27,"Feeney, Graham and Fahey",609
10/27/2001,18,"Marquardt, Graham and Rippin",610
11/17/1990,13,"Bailey, Larkin and Swaniawski",611
3/19/2006,49,Moen-Barton,612
2/9/1981,38,Beahan-Morissette,613
4/30/2000,22,Feest-McClure,614
5/14/2013,34,Durgan Group,615
3/11/2016,2,"Quitzon, Haley and Altenwerth",616
8/18/2008,3,"Runolfsson, Blanda and Vandervort",617
6/15/1994,17,Homenick and Sons,618
3/15/1994,17,Kirlin and Sons,619
6/21/2003,13,"Parker, Runolfsdottir and Harvey",620
3/8/1996,23,"Rath, Jast and Lynch",621
10/5/1994,42,"Walter, Haley and Monahan",622
7/12/2001,32,Hackett-Steuber,623
6/25/2019,45,Batz LLC,624
1/4/2006,40,Ratke-Grimes,625
10/18/2023,34,"Roberts, Feeney and Quigley",626
1/10/2024,2,"Borer, Keeling and Spinka",627
6/9/2006,13,Klein Inc,628
7/31/1984,27,Parker LLC,629
3/25/2002,46,Bartell-Murray,630
8/22/2002,2,Kuhic-Stehr,631
1/23/2016,17,Kuhn Group,632
6/14/2004,10,Hills-Legros,633
10/3/2017,32,Corwin-Cole,634
4/30/1996,26,"Toy, Moen and Gislason",635
1/2/2008,14,"Stanton, Luettgen and Feest",636
7/31/1995,32,Heaney-Luettgen,637
3/21/2023,19,"Glover, Champlin and Kuphal",638
3/2/1995,29,"Frami, Schamberger and Barton",639
2/25/1997,13,Feest-Osinski,640
12/2/1992,48,Dickens LLC,641
11/15/1999,12,"Shanahan, Witting and McCullough",642
1/3/2022,19,Lemke LLC,643
9/18/2005,6,"Considine, Stracke and Dickens",644
9/20/1985,13,Maggio LLC,645
4/22/1986,31,Kreiger and Sons,646
6/6/1994,43,Bartoletti-O'Kon,647
7/25/1985,49,"Daniel, Lubowitz and Becker",648
11/27/2004,32,Harber LLC,649
6/3/2012,34,Padberg LLC,650
6/9/2004,19,Weimann LLC,651
10/10/2001,29,"Padberg, Schinner and Dickinson",652
12/26/2015,19,"Stiedemann, Rath and Daniel",653
10/6/1999,20,Adams-Osinski,654
3/9/2000,49,Weissnat Group,655
3/18/1993,37,Harris Inc,656
4/16/1989,25,Hirthe-Koss,657
11/23/2022,47,"Herzog, Carroll and Walker",658
11/1/1999,12,Collins LLC,659
9/8/2021,3,Crooks LLC,660
6/19/1989,47,Beer LLC,661
9/12/2005,48,Orn Inc,662
2/5/2007,47,"Brown, Schulist and Skiles",663
1/24/2022,41,"Orn, Leuschke and Johnston",664
5/29/2010,19,"Mitchell, Johnson and Schuster",665
6/15/1984,38,Von LLC,666
8/17/1988,24,Macejkovic LLC,667
6/15/2018,46,Waters-Gislason,668
6/25/2000,41,"Hessel, Wiegand and McGlynn",669
4/12/2015,49,Kuvalis and Sons,670
7/9/2000,44,Feest Inc,671
1/30/2002,6,Runolfsdottir LLC,672
7/12/1989,3,Grady-Dare,673
9/29/1995,12,Kub Inc,674
6/17/1987,41,Lubowitz-Vandervort,675
7/8/2004,30,McDermott-Swaniawski,676
9/7/1992,49,Schumm-Wisozk,677
6/27/1986,28,Grady-Gislason,678
6/15/1997,21,"Homenick, Stroman and Schmidt",679
11/10/1981,35,"Russel, Paucek and Altenwerth",680
6/8/1985,45,Sporer and Sons,681
11/10/2005,39,Effertz-Paucek,682
11/4/1988,29,Durgan-Emmerich,683
5/29/2017,24,Hudson-Bode,684
3/5/2009,43,"Hagenes, Gerlach and Weissnat",685
9/7/1985,10,Runte-Yundt,686
4/2/2001,34,DuBuque-Durgan,687
8/13/2016,28,"Grimes, Schaefer and Schulist",688
9/10/2015,50,"Bashirian, Collins and McGlynn",689
4/1/1996,3,Waelchi and Sons,690
12/12/2019,20,Larson Group,691
7/16/1987,9,Goodwin and Sons,692
8/21/2000,25,"Leffler, Farrell and Donnelly",693
10/10/1983,34,King Group,694
9/17/1986,31,Bode-King,695
7/20/1988,29,Maggio LLC,696
9/30/2011,12,Crist and Sons,697
12/21/2003,29,"Bednar, Huels and Johnson",698
4/10/1992,29,Jerde Inc,699
11/22/2006,42,Gibson LLC,700
5/15/2018,20,Wiegand-Lueilwitz,701
7/3/1986,24,Cormier Group,702
5/29/1992,22,Wiegand-Goyette,703
4/19/1989,41,Schulist-Lowe,704
12/24/2017,41,Miller-Buckridge,705
2/24/2015,1,"Goodwin, Sipes and Jacobi",706
2/17/2022,45,Botsford LLC,707
9/13/1991,24,"Larson, Romaguera and Luettgen",708
6/29/1980,46,Walsh Group,709
2/26/1999,16,Murazik and Sons,710
11/2/2007,31,"Mraz, Thiel and Rosenbaum",711
3/2/1995,35,"Walker, Reinger and Larson",712
2/24/1996,20,Hamill-Fadel,713
8/16/2021,34,"Langosh, Fritsch and Yost",714
8/14/1983,46,Homenick-Hilpert,715
2/22/2003,20,Stark-Schuster,716
5/14/1999,30,Jaskolski LLC,717
8/22/1999,37,Pfeffer-Weissnat,718
5/14/2003,19,"Marks, Legros and Hackett",719
2/18/2006,13,"Aufderhar, Yost and Funk",720
3/10/1997,47,Hickle and Sons,721
3/30/2020,40,Orn-Schowalter,722
8/12/1980,43,"Schmeler, Bins and Beier",723
7/29/2009,2,Ernser-Huel,724
3/29/1986,13,Langworth-Turcotte,725
4/24/2005,47,"Hyatt, Bashirian and Schmidt",726
1/23/2023,24,"Gottlieb, Mraz and Crona",727
6/3/2021,48,Rath LLC,728
5/14/1998,49,Zieme-Hane,729
10/17/1987,44,"Boehm, Heathcote and Jast",730
6/29/1987,9,Osinski Group,731
8/6/2020,44,Fadel-Kuhlman,732
3/28/1989,27,Sanford Inc,733
6/15/2023,44,Fahey-Rowe,734
10/1/2019,44,Thiel-Von,735
3/20/1989,15,"O'Conner, Heathcote and Luettgen",736
3/4/2017,4,"Gibson, Mosciski and Collier",737
8/26/2011,33,Beier LLC,738
12/15/1990,1,Sauer and Sons,739
6/23/1983,11,"Wunsch, Littel and Ortiz",740
7/17/2004,30,"Lehner, Gerlach and Aufderhar",741
7/21/2020,13,McKenzie Group,742
4/29/2023,5,"Kessler, Ratke and Donnelly",743
7/2/1984,29,Kessler-Klocko,744
5/27/1989,10,"Streich, Upton and Torphy",745
11/30/1987,35,Dicki-Grimes,746
9/14/1987,6,Bashirian-Cole,747
6/28/2006,12,Nolan Inc,748
12/8/1990,50,Bogan-O'Connell,749
1/24/2010,5,"Conn, Gislason and Pacocha",750
1/27/2017,46,Blick and Sons,751
12/18/1983,27,Rempel and Sons,752
11/27/1986,10,Jakubowski Group,753
10/2/2014,43,Rempel-Schimmel,754
6/10/1985,43,Muller LLC,755
6/17/2003,41,"Pfannerstill, Purdy and Wunsch",756
4/23/1999,1,Langosh-Cassin,757
9/7/2005,10,Carroll-Olson,758
4/16/2021,37,"Funk, Marks and Legros",759
6/10/2022,20,Harris-Monahan,760
10/23/1980,13,Schulist-Vandervort,761
10/21/1996,14,Keebler LLC,762
6/17/1990,15,"McLaughlin, Cronin and Gusikowski",763
1/25/1998,29,"Boyer, Thompson and Kling",764
9/30/2003,25,Rowe Group,765
3/14/2001,45,Reichert-Cummings,766
9/29/2012,25,"Mann, Mraz and Emmerich",767
11/15/2011,7,Ullrich Inc,768
2/2/2022,11,"Dickinson, Kuhn and Kuhlman",769
4/3/1999,33,Strosin LLC,770
8/20/1998,46,Murray-Gulgowski,771
2/11/1990,11,"Weissnat, Casper and Schiller",772
3/25/2019,11,"Vandervort, Auer and Emard",773
12/14/1987,1,Simonis Inc,774
5/9/1981,21,"Schneider, Nienow and Walter",775
4/7/1983,24,"Turcotte, Dietrich and Connelly",776
7/5/2017,44,Stiedemann-Gutkowski,777
3/4/2003,22,"Jacobi, Ferry and Moen",778
3/10/2024,19,Purdy-Tillman,779
4/8/1998,32,"Kulas, Kautzer and MacGyver",780
12/17/2006,33,"Bruen, Kunze and Sporer",781
10/7/1994,24,"Harris, Connelly and West",782
12/31/2005,21,"Wilderman, Schoen and Keeling",783
4/29/1991,16,Bahringer-Collins,784
4/3/1981,28,Gutkowski and Sons,785
2/4/1998,42,Gorczany-Schaefer,786
10/15/1988,44,"Jacobson, Anderson and Senger",787
8/5/1984,15,Maggio and Sons,788
12/30/1999,49,"Rempel, Bogan and Schuppe",789
6/13/1982,23,Kub Inc,790
12/15/2007,21,Emard-Cummerata,791
2/17/2014,20,"Tremblay, Shanahan and Collins",792
10/18/2012,8,Schamberger Inc,793
12/16/2016,7,Ortiz-Bins,794
6/17/2014,28,Block-Durgan,795
12/23/1987,40,Watsica-Williamson,796
11/13/2022,11,Konopelski Group,797
10/29/2015,34,Hamill-Lueilwitz,798
2/17/1999,5,"Hartmann, Considine and Kirlin",799
12/19/1985,43,Morar Inc,800
1/17/2014,32,Osinski LLC,801
8/27/1997,25,Krajcik-Hagenes,802
6/11/1980,25,Ryan-Nienow,803
5/31/2011,45,O'Keefe-Wintheiser,804
10/5/1997,8,Schaefer-Ernser,805
8/9/2020,47,Stamm-Johnson,806
5/24/1982,17,"Volkman, Hyatt and Cartwright",807
6/11/1996,34,Towne LLC,808
10/25/2017,40,Block and Sons,809
8/2/2020,32,Bernhard-McGlynn,810
1/27/2022,47,"Nicolas, Heller and Wiegand",811
3/22/1990,37,"Von, Gulgowski and Rodriguez",812
4/22/2003,26,Grady and Sons,813
4/16/1989,26,Nitzsche and Sons,814
3/1/2014,7,Kshlerin-Baumbach,815
2/7/1988,39,Becker-Hegmann,816
1/9/2002,26,"Haag, Auer and Rau",817
11/21/2011,1,Witting-Koepp,818
9/12/1986,48,"Walsh, Schmitt and Dickinson",819
5/18/1991,31,"Grimes, Ziemann and Cremin",820
7/12/1980,1,"Durgan, Turcotte and Kemmer",821
12/13/2003,37,Sporer and Sons,822
11/28/2014,44,Lynch Group,823
6/2/2019,36,Hermann-Sauer,824
1/14/1998,32,"Armstrong, Satterfield and Kreiger",825
1/10/2021,26,Treutel LLC,826
3/28/2017,47,Sawayn-Ward,827
4/4/2021,15,Torp-Cummings,828
2/24/1989,25,Schmitt Inc,829
10/4/2009,21,"Greenfelder, Monahan and Collier",830
5/29/1981,9,Murray Inc,831
5/25/1996,32,"Fadel, Hettinger and Feest",832
5/30/1997,48,"Berge, Olson and Will",833
10/11/1980,20,"Konopelski, D'Amore and Howell",834
1/15/2013,45,Williamson LLC,835
9/12/1989,40,Franecki Group,836
9/8/2016,23,Strosin LLC,837
9/14/2022,8,Homenick-Corwin,838
4/24/2002,28,"Morissette, Hegmann and Turner",839
9/6/2013,40,Hand-Feest,840
11/4/1988,47,Braun-Johnson,841
1/22/2022,43,Green Inc,842
11/6/1986,24,Ondricka-Wuckert,843
9/11/2004,45,Cronin-Corkery,844
3/6/1999,28,Smith-D'Amore,845
5/18/2003,42,Nader Inc,846
6/2/2022,32,Casper Inc,847
7/8/1986,13,Wuckert and Sons,848
10/10/1983,42,"Conroy, Ullrich and Batz",849
1/31/1987,17,Hessel and Sons,850
11/10/1980,8,"Littel, Strosin and O'Kon",851
7/4/2007,50,Emard Group,852
9/18/2001,47,"Hermann, Rau and Emmerich",853
7/15/2011,27,Hartmann and Sons,854
5/24/1994,44,Luettgen Group,855
8/17/1985,44,"Mosciski, Bartell and Lynch",856
1/7/2020,32,Corkery-Kuphal,857
7/10/1983,11,Crona-Fisher,858
4/2/2008,9,Thompson Inc,859
10/14/2017,22,Ruecker and Sons,860
1/31/2005,46,"Daniel, Tremblay and Ryan",861
10/2/1984,4,Lehner-Volkman,862
2/3/2016,23,"O'Reilly, Wisoky and Wunsch",863
9/26/1991,31,"Hermiston, Robel and Gorczany",864
8/24/1994,32,Bartell-Frami,865
3/9/1990,16,Wehner-Hand,866
3/7/2001,30,Cartwright Inc,867
12/13/2000,12,"Quitzon, Borer and Bartoletti",868
7/18/1980,25,Wilkinson-Towne,869
5/18/1987,26,Russel-Herzog,870
6/30/2020,48,"Upton, Ruecker and Walter",871
12/9/2000,15,Wilderman LLC,872
5/2/1990,50,Torphy-Blick,873
3/27/1987,10,"Fay, Greenholt and Botsford",874
1/15/2011,38,"O'Reilly, Oberbrunner and Grady",875
11/24/1985,23,Stanton-Price,876
7/9/2021,42,O'Connell-Becker,877
6/15/2020,37,"Goodwin, Hickle and Goodwin",878
4/16/2022,19,Hahn Group,879
11/8/1993,28,Treutel-Heller,880
2/2/2009,46,"Trantow, Aufderhar and Cole",881
2/4/2012,44,Baumbach-Durgan,882
4/19/1999,27,"Walter, Gibson and Satterfield",883
10/3/1985,17,Russel-Buckridge,884
3/30/1989,21,Miller-Farrell,885
3/13/1993,46,Hahn-Aufderhar,886
11/27/2021,49,"Hilll, Schuster and Homenick",887
3/25/1982,50,Bailey-Green,888
6/25/2018,50,Barton and Sons,889
3/7/1995,17,"Kautzer, Keeling and Glover",890
11/14/1985,17,"Stracke, Schuster and Shanahan",891
9/10/1999,47,"Howe, Mosciski and Stroman",892
12/22/1990,27,Cartwright Group,893
7/12/2000,2,"Rodriguez, Yundt and Rohan",894
9/22/1981,37,Kerluke LLC,895
9/29/2003,8,"Zemlak, Cronin and Tremblay",896
3/9/2009,17,Christiansen-Hermann,897
4/10/1990,15,"Pollich, Batz and Abshire",898
7/25/2023,23,"Streich, Dietrich and Weimann",899
9/29/2015,39,Lind-Klocko,900
11/7/2003,47,"Brekke, Kshlerin and Kovacek",901
6/16/1993,31,Yost-Lebsack,902
11/10/1995,23,"Breitenberg, Muller and Schulist",903
4/23/1994,20,Miller Inc,904
3/18/2014,17,Goldner and Sons,905
4/14/1983,23,Miller-Lockman,906
7/14/1982,46,Heller-Kuhn,907
12/2/2011,23,Runolfsdottir-Barton,908
4/3/2002,33,Goyette-Mertz,909
6/17/1997,24,Lesch-Glover,910
1/7/2017,26,"Fahey, Hilpert and Hettinger",911
2/25/1986,3,"Boyer, Vandervort and Jones",912
7/17/2011,25,Schuster and Sons,913
4/6/2020,10,Dare Inc,914
5/27/2021,6,"Kozey, Haag and Shields",915
11/3/1982,46,Fisher-Stoltenberg,916
5/31/2020,42,"Bogisich, Hermann and Stracke",917
10/2/2004,22,Rath-Schaden,918
8/19/2004,6,D'Amore Group,919
1/12/1992,7,Barton LLC,920
10/20/2008,48,Langworth-Torp,921
8/6/1991,39,"Reilly, Kunze and Crooks",922
3/1/1982,50,Kassulke and Sons,923
6/19/2018,14,Kunde LLC,924
12/6/2023,19,Wolff Group,925
2/2/1987,46,Murray-Hermiston,926
4/13/2015,25,Wunsch Group,927
7/2/2022,33,Gerhold-Feil,928
4/3/2011,5,"Raynor, Towne and Brekke",929
2/18/1981,2,"Mann, Langosh and Sporer",930
9/15/2019,41,O'Kon-Schmeler,931
12/15/2016,7,"Stokes, Tremblay and Kirlin",932
3/12/1996,29,"Jast, Macejkovic and Bednar",933
12/24/2008,30,Abernathy Inc,934
2/21/1987,43,Weber Group,935
10/16/1994,28,"White, Hudson and Oberbrunner",936
6/12/2020,40,"Turcotte, Haley and Davis",937
7/11/1985,19,Ziemann Group,938
1/19/1995,1,Denesik LLC,939
9/6/1999,49,Auer-Torp,940
5/30/1982,15,West-Stanton,941
7/3/2002,15,Prohaska-Grady,942
11/12/2011,2,Feest and Sons,943
8/2/2020,33,Kerluke-Renner,944
10/19/1989,40,Langosh-Emard,945
9/18/1980,36,Keebler-O'Conner,946
1/14/2000,39,"Blanda, Vandervort and Pagac",947
6/20/2009,22,Kutch Group,948
4/30/2014,3,Schmeler Group,949
4/11/2003,30,"Witting, Gorczany and Watsica",950
12/7/2021,21,Schulist-Dickinson,951
3/3/2019,31,Koss Inc,952
3/28/1983,37,"Batz, Grant and Bruen",953
8/15/2018,12,Haley-Kihn,954
5/30/2003,35,"Boyer, Orn and Gusikowski",955
2/16/1994,33,Mann-DuBuque,956
10/15/2017,38,Rogahn-Heathcote,957
8/1/2014,16,"Wisozk, Gislason and Braun",958
9/12/2011,9,"Huel, Wehner and Fay",959
3/24/2019,45,"Champlin, Price and Hansen",960
4/13/2011,35,Beier-Keeling,961
11/28/2017,48,Koepp Inc,962
8/17/2001,17,"Hessel, Waters and Lockman",963
12/17/1986,49,Kulas Group,964
9/10/2023,38,"Dickinson, Sawayn and Spencer",965
1/26/1983,49,"Howell, Dickens and Legros",966
6/26/1985,11,Klocko Inc,967
6/15/2023,35,"Marquardt, Hodkiewicz and Walker",968
5/6/1994,30,Rau-Gulgowski,969
9/18/2012,27,Bergstrom Group,970
2/1/1989,19,"Schuppe, Lehner and Keebler",971
6/9/2001,35,Gleichner-Hegmann,972
9/7/1983,35,Leffler-Flatley,973
4/8/1990,18,Anderson-Kovacek,974
5/8/1989,1,"Bauch, Stroman and Bartoletti",975
12/13/1980,10,Hegmann-Boyer,976
6/17/2004,24,Larkin-Reichel,977
8/22/2002,18,Tillman-Dooley,978
12/29/2023,8,Kunze-Mayer,979
1/1/2012,18,"Cronin, Hagenes and Rosenbaum",980
8/15/2020,36,"Deckow, Huels and Altenwerth",981
11/18/1988,42,"Homenick, Gleichner and Kerluke",982
2/19/1989,41,Kilback LLC,983
7/7/1988,2,Altenwerth and Sons,984
2/10/2019,5,Renner LLC,985
12/6/1995,41,"Emard, Sauer and Douglas",986
4/19/2007,32,Romaguera-Gibson,987
10/17/2018,31,"Daugherty, Smith and Hoppe",988
12/14/2001,41,DuBuque-Jenkins,989
4/21/2018,3,"Graham, McGlynn and Cormier",990
9/15/2008,28,Beier Inc,991
1/7/2010,34,Mosciski Group,992
11/1/2000,8,"Wiza, Thiel and McLaughlin",993
5/27/2020,30,"Raynor, Lebsack and Larkin",994
8/20/1999,17,Lehner LLC,995
11/16/2014,28,Hessel Inc,996
3/29/1990,28,"Koss, Parker and Price",997
1/11/2013,38,"Kris, Orn and Boyle",998
10/26/2008,9,Paucek-Block,999
12/2/2022,25,Keeling and Sons,1000
