Arrest_Date,Investigator_name,Location ,Prison_Number,id
1/28/2005,Iain,Barcarena,405272,1
10/29/2005,Dane,Ban Bueng,892215,2
6/26/2015,Kris,Huallanca,707223,3
12/18/2011,Reinhard,Lidingö,147201,4
12/23/2017,Forest,Stockholm,737631,5
12/24/2023,Burt,Nugas,931365,6
2/10/2015,Granville,Jiaokui,864423,7
2/18/2002,Rudie,Clervaux,192124,8
3/26/2005,Tris,Sabaneta,157539,9
9/15/2007,Gibb,Fukiage-fujimi,728437,10
6/19/2015,Sigvard,Xinning,403966,11
1/27/2015,Germaine,Partikan,389094,12
3/7/2003,Maynord,Liuji,646005,13
10/20/2006,Borden,Sukarama,116110,14
10/23/2009,Nero,Wanju,625761,15
6/11/2004,Beauregard,Adigeni,729976,16
5/10/1999,Culley,Selat,911615,17
12/24/2000,Tamas,Molde,463084,18
2/20/2008,Camey,Laotai,146652,19
12/23/1999,Tynan,Kiambu,841098,20
3/15/1999,Kristoforo,Cilegong,823400,21
12/25/2010,Inigo,Namangan,948869,22
4/9/2013,D'arcy,Filiatrá,654647,23
3/11/2016,Nickola,Si Thep,505258,24
12/22/2008,Roi,Tintafor,246996,25
12/7/1995,Lewes,Xinyang,784672,26
11/15/2005,Claudius,Brengkok,280210,27
12/5/2021,Riccardo,Nakhon Luang,840862,28
5/7/2000,Hermie,Purut,682416,29
8/4/2005,Ransom,Xifangcheng,767222,30
5/15/2009,Filmore,Liangzeng,159200,31
6/11/2004,Anderson,Krosno Odrzańskie,329686,32
1/17/2021,Magnum,Digdig,996368,33
10/27/1996,Alan,Dolní Dvořiště,659601,34
2/3/2000,Paige,Ocongate,812488,35
11/9/2022,Cammy,Kuvandyk,683681,36
4/30/2018,Konstantin,Gaya,778916,37
8/18/2015,Roland,Tunggaoen Timur,208047,38
4/19/2013,Freemon,Rendeng,946347,39
9/26/2020,Oates,Bafatá,587406,40
4/3/2011,Chaunce,Panikian,865049,41
9/16/2004,Brnaba,Cikadongdong,332893,42
12/19/1999,Symon,Décines-Charpieu,374359,43
6/1/2003,Nicolis,Barcelona,787804,44
11/16/2022,Isacco,Tucson,947622,45
12/31/2009,Thorndike,Cadiz,631201,46
2/2/2004,See,Volokolamsk,360789,47
2/1/2000,Cordy,Darong,124834,48
5/28/2017,Jaimie,Eirado,214938,49
11/6/2015,Odo,Strohonivka,700277,50
8/2/2021,Stephan,Feyẕābād,938600,51
2/1/2023,Gaelan,Santi Suk,176547,52
2/4/2006,Bent,Dolulolong,623788,53
2/19/2017,Kahlil,Andong,621834,54
1/20/2015,Ingra,Bologna,344041,55
2/19/2008,Giselbert,Libei,156691,56
5/1/2024,Heinrik,Bardo,609526,57
11/26/2021,Stephen,Warlubie,716464,58
3/7/2002,Conway,Sukabatu,573497,59
11/28/1998,Orland,Bochov,117117,60
6/19/2023,Odo,Nyandoma,296615,61
11/3/2009,Hakeem,Bromma,434075,62
5/7/2006,Sherwynd,Ojiya,352451,63
12/16/2001,Efrem,Al Burayqah,972226,64
6/18/2022,Ignazio,Bagou,436492,65
2/3/2023,Ravi,Ołpiny,371314,66
4/25/2002,Holden,Bern,467663,67
5/20/2017,Thatcher,Torez,226745,68
7/30/1998,Lewie,Londres,498983,69
3/27/1996,Tabb,Shijia,455168,70
2/3/1998,Milo,Shengli,478318,71
11/20/1997,Cly,Manhush,917161,72
8/3/2012,Erie,Bealanana,928862,73
11/4/2018,Holden,Kemlya,937840,74
8/18/2009,Federico,Darungan Lor,641581,75
4/27/1998,Dylan,Qinglung,243680,76
3/9/2003,Chic,Bigaa,234661,77
12/30/2017,Kinnie,Jianshe,747398,78
5/1/2009,Rutger,Kilingi-Nõmme,506469,79
4/2/1996,Townsend,Balekersukamaju,133762,80
8/22/2001,Clifford,Malasin,245447,81
11/28/2006,Elmore,Maunatlala,304276,82
3/10/1998,Morgun,Penha,200963,83
6/2/2019,Aleksandr,Marumori,789274,84
3/19/2003,Herold,Castañas,579942,85
5/23/2008,Giffy,Donggu,463179,86
3/11/2023,Marlin,Sarae,184290,87
9/4/1997,Richie,Wailebe,566751,88
4/12/2012,Sullivan,Changbu,257095,89
8/12/1999,Chrisy,Niedrzwica Duża,944959,90
3/9/2015,Sterne,Kamennogorsk,228919,91
2/26/2004,Mandel,Bulri,139700,92
11/16/1996,Manuel,Iwonicz-Zdrój,602011,93
8/13/2013,Wynn,At Tawāhī,547954,94
1/3/2023,Zed,Toledo,573601,95
6/28/2003,Web,Ýdra,582223,96
9/11/1998,Sammy,Stepanovićevo,784431,97
10/25/2012,Kaspar,Keroak,104697,98
11/13/2004,Constantine,Toyonaka,933101,99
9/15/2010,Byrann,Jackson,491838,100
6/11/2003,Rurik,San Jacinto,641362,101
8/9/1996,Griffin,Bansko,898148,102
1/4/2013,Renado,Yuscarán,684596,103
7/9/1999,Skippy,Keetmanshoop,138886,104
11/10/2015,Harcourt,Amolatar,391317,105
11/29/1996,Gun,Nankun,827164,106
9/22/2002,Dur,Kokaj,955579,107
10/22/2003,Kelsey,Aleksandrów,286547,108
5/27/2020,Gustav,Vicente Guerrero,366187,109
7/9/2010,John,Puente Alto,434528,110
2/29/2020,Bradney,Béja,406355,111
6/12/2008,Kelvin,Ryōtsu-minato,758838,112
11/29/2001,Selby,Cesson,958632,113
5/24/2021,Dex,Springfield,234818,114
6/18/2020,Weylin,Kratovo,140345,115
9/18/2018,Allin,Noda,973270,116
9/24/2016,Emmet,Dabaozi,116157,117
5/21/2020,Ric,Tangchi,101316,118
8/22/2004,Rog,Benito Juarez,752695,119
12/15/2008,Brit,Vale da Serra,655789,120
6/26/2000,Fonzie,Balitoc,337059,121
2/3/2020,Elwin,Totoras,205705,122
11/28/2002,Hilarius,Horana South,641740,123
9/24/2010,Renard,Salamá,936704,124
3/8/2011,Tommie,Pásion,889175,125
1/8/2009,Jeramey,Milano,855757,126
6/14/2016,Gav,North Battleford,372732,127
12/24/2011,Lincoln,Vila Verde,811508,128
11/18/2013,Dewie,Värnamo,768301,129
10/12/1999,Culver,Cầu Gồ,773845,130
8/1/2007,Eberto,Heqiao,645680,131
4/30/2010,Paige,Maricá,697730,132
7/27/2002,Stanton,Szydłowo,192462,133
2/12/1998,Ryan,Cibeuti,550461,134
4/4/2005,Whitney,Hutang,122983,135
7/10/2014,Ase,Velké Meziříčí,902626,136
6/19/1995,Jecho,Gaspra,110265,137
8/12/1995,Asher,Chengshan,325392,138
11/9/2020,Ahmed,Muruy,606608,139
4/1/1997,Rooney,Paseyan,965802,140
7/29/2015,Cazzie,Phoenix,633592,141
5/13/2023,Ike,Martakert,877714,142
6/14/2005,Osbourne,Allkaj,353997,143
8/30/2023,Penrod,Ōmamachō-ōmama,691953,144
11/20/2007,Humbert,Trang,806398,145
7/22/2013,Crawford,Samanggen,966166,146
5/22/2019,Jasper,Sahagún,110413,147
7/22/2014,Cam,Qingshui,663644,148
9/1/2020,Dana,Sandayong Sur,361647,149
6/1/1996,Uri,Muchkapskiy,753692,150
8/6/2007,Sherlocke,Pelileo,394491,151
5/8/2014,Luther,Changtian,124665,152
12/17/2009,Sherman,Mirebalais,166121,153
12/26/2005,Kerwin,Kharlu,155994,154
5/5/2019,Lemuel,Pickering,690053,155
11/11/2019,Garald,Prokhladnyy,321099,156
1/10/1999,Ravi,Woloara,892586,157
6/17/2010,Cristobal,Gancheng,689561,158
9/2/2021,Matthus,Tomilino,821959,159
4/20/1999,Dante,Dongshangen,829310,160
12/31/2000,Aron,Alcoutim,147102,161
12/2/1997,Bengt,Marolambo,965112,162
3/25/2019,Clare,Otok,353723,163
11/9/2013,Richy,Pulautemiang,462232,164
9/25/2006,Hebert,Górzno,836706,165
10/27/2006,Ximenez,Yosowilangun,891603,166
12/30/2019,Greggory,Bayt Liqyā,559747,167
7/4/2002,Robinet,Ārt Khwājah,538988,168
5/9/2014,Martin,Kobyzhcha,915367,169
9/4/2018,Domenico,Jiaozuo,299867,170
8/7/2010,Willey,Kass Wollof,313946,171
6/2/2012,Bent,Cañasgordas,916753,172
6/29/2000,Jarrad,Potrerillos,531963,173
8/9/2022,Sinclare,Valkeakoski,626221,174
4/8/2010,Prinz,Karabas,406073,175
2/18/2001,Gaspard,Muli,743990,176
1/12/2007,Carson,Vodnyy,812297,177
11/1/2020,Augustine,Helvecia,278069,178
12/9/2022,Brent,Detroit,289302,179
2/23/1996,Turner,Thanh Ba,981492,180
9/25/2015,Sloan,Troitsk,677030,181
7/30/2016,Gaby,Cisewu,889537,182
8/7/2019,Lief,Solosolo,431394,183
8/17/2006,Francis,Thayetmyo,473674,184
10/7/2007,Dirk,Danzi,724530,185
10/29/2020,Dalis,Qingxi,758684,186
6/3/1996,Zebulen,Kragan,294818,187
6/15/2000,Jedd,Nyazepetrovsk,123424,188
10/14/2016,Reidar,Yagoua,162183,189
5/3/2019,Floyd,Sishui,920588,190
3/16/2005,Alexandre,Dazhan,355783,191
12/1/2006,Rem,Waddān,779364,192
9/14/2021,Fredek,Verona,144740,193
8/30/2006,Gottfried,Lawa-an,483110,194
4/21/2013,Leroy,Mato Cheirinhos,517964,195
2/9/2011,Virgilio,São José dos Pinhais,200116,196
4/10/2012,Lynn,Taytay,145163,197
11/23/2008,Silvester,Kōriyama,634619,198
1/15/2001,Arnoldo,Patong,963612,199
2/28/2010,Far,Trnovska Vas,372008,200
2/2/1996,Esteban,Adtugan,114742,201
12/27/2020,Yule,Makhalino,646152,202
5/26/1998,Rolfe,Tandayag,691204,203
2/1/2017,Quill,Klisura,355908,204
12/11/2004,Kristoforo,Svitlovods’k,847069,205
11/28/2019,Jack,Amu Gulang Baolige,734296,206
12/14/2000,Lance,Galesong,378570,207
6/6/2007,Patrice,Hepo,679953,208
1/2/2000,Nate,Bornu Yassu,317812,209
2/15/2023,Grantham,Majiadu,105217,210
7/14/2023,Franny,Pachīr wa Āgām,880778,211
1/23/2014,Aylmer,Huashan,414298,212
5/8/2010,Prent,Lincheng,891537,213
11/11/2007,Johnathon,Terrugem,449422,214
2/2/2022,Stevy,Obrera,314632,215
8/12/2015,Gaultiero,Ḩadīdah,422599,216
3/2/2004,Casper,Shuanghe,478259,217
12/31/1999,Keir,Chocope,941406,218
1/8/2014,Ernesto,Abéché,966520,219
4/18/2014,Falkner,Remedios,190392,220
1/26/2014,Crichton,Shimoda,569372,221
12/24/2008,Ennis,Ḩalḩūl,591963,222
3/21/1997,Pierre,Tlogosadang,502507,223
2/19/2020,Morie,Khlong Khuean,808778,224
6/21/2018,Langston,Loacan,395676,225
11/6/2011,Cesar,Poços de Caldas,149449,226
9/18/1998,Cortie,Doblas,591762,227
11/14/2014,Derrik,Bahía Blanca,768443,228
9/12/2016,Brock,Tak,270910,229
5/19/2014,Lauren,Houbai,128420,230
4/27/2006,Francesco,Dayuan,723993,231
4/4/1999,Avram,Ta`ū,447438,232
8/12/2005,Desi,Diriamba,390732,233
1/9/2003,Fee,Capitán Bermúdez,583490,234
9/11/2022,Waldo,Staryye Atagi,745585,235
11/2/2020,Markus,Jiangkou,970070,236
6/10/2006,Thebault,Geta,943125,237
8/4/2003,Josiah,Al Qāmishlī,641476,238
12/9/2015,Forster,Przasnysz,539086,239
7/11/2011,Tripp,Yilongyong,613420,240
2/4/2024,Reggie,Manado,672657,241
11/30/2020,Creight,Ku‘aydinah,312276,242
5/21/2006,Myrwyn,Thị Trấn Việt Lâm,707978,243
11/3/2020,Cammy,Yegorlykskaya,655414,244
1/24/2001,Derek,Bondowoso,568861,245
9/26/2022,Niel,Solna,103821,246
11/28/2008,Merle,Banatski Despotovac,360268,247
11/14/2002,Humphrey,Kumanis,453072,248
4/30/2005,Langston,Colorado,114129,249
12/18/2017,Gerhard,Quankou,552342,250
9/20/2013,Wilbert,Antony,419229,251
1/26/2005,Steffen,Aiquile,352486,252
8/10/2001,Aldridge,Xinbu,504214,253
3/3/1997,Christoper,Yanling,528816,254
3/26/2009,Ramsay,Glendale,686742,255
10/5/2014,Silas,Cigaras,965604,256
4/22/2001,Elvin,Nàng Mau,120912,257
3/24/2006,Vladamir,Ashton,909398,258
7/20/2015,Raleigh,Oni,698320,259
4/5/2002,Batholomew,Qabqir,394253,260
10/14/2007,Jonathan,Rybnoye,868518,261
5/8/2012,Brent,Nurlat,656635,262
10/20/2003,Josiah,Karanganyar,926342,263
9/23/2018,Hashim,Biny Selo,956521,264
12/20/2006,Orville,Kavarna,471325,265
2/10/2010,Bart,Staryy Krym,538663,266
6/12/2004,Palm,Qingchuan,356394,267
1/7/2010,Maje,Kembangkerang Satu,639127,268
12/8/1999,Derril,Mikhaylovsk,537519,269
12/5/1998,Bevan,Balingcanaway,491707,270
10/22/1999,Bevin,Vénissieux,841496,271
6/24/2015,Neron,Shchastya,370190,272
10/11/2002,Gerrie,Lutou,507721,273
2/4/2019,Earlie,Grand Forks,327833,274
1/26/2006,Rutledge,Makadi Bay,300693,275
1/6/2016,Wilt,Xiaoguai,297276,276
3/30/2005,Wendel,Chōfugaoka,691877,277
5/21/2020,Brant,Berestechko,362430,278
4/9/2012,Ibrahim,Al Bawīţī,999547,279
8/20/2016,Seamus,Niono,674804,280
1/5/2023,Barnaby,Tahe,560836,281
7/16/2016,Lind,Yonggu,727131,282
12/17/2010,Kaspar,Saint-Grégoire,383131,283
10/27/2004,Terrance,Chinchaypujio,605332,284
4/7/2019,Kendricks,Entre Rios,978409,285
5/23/2018,Cart,Hīrna,246796,286
11/30/2012,Roddie,18 de Marzo,689235,287
3/14/2013,Worth,Krasnaye,463304,288
6/24/2022,Moritz,Štitar,655507,289
8/26/2022,Ansel,Chiang Rai,770122,290
7/6/2017,Zebedee,Elliot,513781,291
4/14/1999,Wolfgang,Jājarm,512069,292
10/18/2019,Hanson,Santisimo Rosario,671863,293
9/7/2010,Janek,Saraqinishtë,955210,294
3/15/2003,Earvin,Canhas,287127,295
9/26/2021,Ibrahim,Petřvald,173656,296
2/9/2006,Yvon,Mel’nikovo,218244,297
9/30/2015,Erek,Novaya Igirma,990204,298
9/16/1995,Alwyn,Flen,888883,299
12/16/1997,Donn,Tawau,448063,300
4/29/2005,Forester,Szynwałd,216170,301
10/31/2003,Kincaid,Vermelha,147502,302
1/18/2024,Ephrayim,Clichy,906669,303
3/21/2011,Gene,Strumica,609784,304
7/7/1998,Paxton,Zhengguo,191065,305
1/4/1996,Haslett,Mtwara,162716,306
1/1/2023,Conn,Cintawana,698312,307
2/23/1997,Trumaine,Dangcalan,463919,308
11/11/2011,Arron,Yumani,502192,309
6/3/1997,Travis,Jiuquan,603188,310
12/28/1995,Cornie,Kawaliwu,849969,311
11/11/2017,Brodie,Tambo,103649,312
7/31/2019,Portie,Manyava,319573,313
6/29/2009,Elston,Zmiennica,484180,314
8/26/2002,Wolf,Itapuranga,789332,315
1/28/2017,Svend,Övertorneå,110759,316
2/21/2004,Matthiew,Saraktash,406132,317
4/28/2004,Ennis,Vrsi,585201,318
7/22/2013,Travers,Durham,488725,319
7/15/2008,Barde,Kauman,620288,320
12/8/2006,Barri,Montongtebolak,461575,321
9/13/2013,Bancroft,Hongqiao,643579,322
9/21/1997,Izzy,Timpas,590883,323
9/2/1999,Lyn,Al Hufūf,894221,324
7/11/2022,Baudoin,Cipanjang,276271,325
9/21/1996,Irving,Patique,565600,326
12/17/1995,Gibb,Sanxixiang,931893,327
3/9/2006,Antone,Giesteira,706049,328
2/14/2007,Whit,Golden,696831,329
2/16/1997,Jay,Wenchun,739826,330
3/12/2006,Joseito,Novyy Urengoy,830417,331
9/12/2013,Natal,Indaiatuba,701631,332
3/29/1999,Dewie,Loma Alta,397189,333
11/9/2007,Zacharias,Goussainville,608535,334
1/3/2018,Tobie,Huangqu,549154,335
6/5/2023,Artair,Cova da Iria,936223,336
5/31/2009,Eldon,Pananaw,773067,337
8/13/1995,Quentin,Gunungtua,757959,338
12/7/2002,Fidole,Brejo Santo,980931,339
1/3/2009,Marvin,Liudu,306089,340
8/23/2010,Normy,Pingtan,383655,341
6/6/2005,Patricio,Toroy,426018,342
12/24/2007,Martie,Bački Petrovac,611259,343
1/29/1999,Darcy,Xijiang,172503,344
7/23/2006,Sim,Sedayu,193520,345
2/27/2001,Marmaduke,Bashtanka,351915,346
9/13/2021,Quinn,Roche Terre,234937,347
3/18/2023,Wilbur,Maqia,696531,348
9/20/2002,Ossie,Gondomar,256044,349
9/19/1995,Ross,Merida,977670,350
9/1/2019,Ogdon,Pohrebyshche,324970,351
8/11/2023,Brennan,Lecheng,761790,352
1/28/2013,Denney,Dadiya,328131,353
9/22/2005,Gallard,Greeley,678273,354
7/13/2002,Pip,Agara,507010,355
2/20/2014,Ancell,Agassiz,799865,356
2/8/2015,Peyter,North Saanich,265108,357
9/14/2012,Heywood,Puerto Princesa,153077,358
4/17/2018,Jesus,Languan,930717,359
10/25/1998,Nevins,Mobile,612854,360
7/31/2001,Trumaine,Jatiraya,184362,361
6/25/2002,Oswald,Sędziejowice,412691,362
7/2/2010,Nathanael,Kimaam,343029,363
3/4/1999,Fonz,Lubasz,682691,364
8/26/2019,Tam,Brändö,774682,365
6/17/2003,Fields,Cimaragas,286334,366
3/11/2008,Prince,Nansan,155151,367
6/29/2001,Dominique,Guayabal,298975,368
12/12/2015,Kyle,Bang Na,729340,369
7/12/2008,Corbie,Xubao,402304,370
2/9/2022,Urban,Fuzhou,708763,371
6/3/1999,Fin,Chambéry,180010,372
8/29/2000,Gifford,Piastów,488076,373
3/17/2004,Donnie,Arcos de Valdevez,141493,374
9/27/2023,Washington,Maticmatic,546546,375
5/24/2006,Silvio,Sinarharapan,629452,376
2/13/2004,Allen,Togur,382199,377
4/8/2017,Dallon,Pilcaniyeu,720291,378
8/19/2021,Mitchael,Staraya Kupavna,647591,379
3/22/2010,Rey,Youfang,277938,380
12/22/2014,Vasilis,Woloara,980628,381
12/2/2006,Jessey,Xinbei,455499,382
7/22/1996,Dan,Kansas City,584994,383
1/12/2002,Bourke,Tawan tawan,248518,384
9/11/2018,Dwayne,Františkovy Lázně,794350,385
2/28/2017,Ara,Valbonë,160017,386
7/11/2012,Curtis,Flushing,679057,387
4/3/2019,Biron,Pingli,173405,388
1/8/2007,Klemens,Karlobag,679183,389
2/28/2006,Cheston,Caleta Olivia,413006,390
6/13/2000,Burnard,Rizal,994792,391
5/5/2024,Salim,Baojiadian,668819,392
7/27/2002,Delbert,Béthune,334814,393
6/12/2008,Sander,Lapas,888862,394
8/11/2013,Monte,Qeshm,785483,395
9/25/2022,Terencio,Capinzal,522795,396
5/30/2016,Mycah,Potongan,729201,397
4/15/2023,Giacomo,São João das Lampas,116367,398
5/11/2019,Wallas,Fálanna,757917,399
4/5/2015,Upton,Amarete,731682,400
1/18/2023,Shepherd,Hägersten,862823,401
4/4/2017,Alanson,Patía,759492,402
1/23/2005,Warren,Zagoryanskiy,540932,403
7/17/2011,Tab,Verkhnevilyuysk,607087,404
1/3/2014,Isidoro,Krajan,826002,405
12/9/2019,Thebault,Pubu,333329,406
10/8/2004,Jamesy,Buenlag,896599,407
4/29/1998,Hinze,Ḩāfiz̧ Moghul,746416,408
10/31/2003,Aloysius,Kalimeneng,568836,409
10/9/2008,Bank,Munjul,501442,410
4/10/2002,Darrel,Daliuhang,204383,411
6/25/2018,Zeke,Logon,263839,412
12/15/2009,Alric,Srabah,685889,413
4/22/2022,Guthrie,Megalópoli,352043,414
2/22/2022,Ives,Itaocara,720428,415
9/17/2004,Claudian,Setanggor,159869,416
11/11/1996,Hernando,Lubao,598593,417
6/5/2011,Balduin,Los Andes,726462,418
9/7/2000,Kerr,Kumanovo,275420,419
3/12/2020,Rab,Nuevo Emperador,247261,420
11/30/2016,Tobit,Reshetikha,908116,421
8/20/2002,Chad,Berezne,718670,422
7/8/2013,Nickola,Loutráki,915047,423
1/26/2005,Udell,Pekuwon,479426,424
12/26/2021,Stanly,Mouhijärvi,514684,425
8/30/2012,Hi,Gulariyā,698401,426
5/29/2009,Nye,Liozon,305280,427
10/29/2013,Kahlil,Kisasa,334018,428
4/20/2001,Frederik,Mumias,932889,429
5/7/2003,Rickard,Ailigandí,174717,430
6/3/1997,Raddy,Moscavide,989939,431
7/30/2013,Gene,Galleh Manda,641880,432
5/31/2019,Ritchie,Linxi,919233,433
3/2/2010,Nilson,Ōta,267222,434
4/30/1996,Lewiss,Debrecen,105131,435
12/28/2010,Hewitt,Tabira,493080,436
11/25/2000,Bailey,Xiangshi,550181,437
12/12/2019,Janek,Vybor,945409,438
4/24/2018,Carmine,Andongwei,243494,439
11/22/2002,Eadmund,Kaji,761048,440
1/7/1998,Wye,Zhongguanyi,699424,441
7/25/1997,Weylin,Yongxing,111911,442
3/6/2012,Noble,Huaibei,424939,443
10/1/2017,Barret,Sūq ar Rabū‘,574845,444
1/21/2016,Jaymie,Choszczno,561171,445
7/2/1999,Emory,Cúa,155577,446
8/4/2001,Chev,Orlando,129376,447
8/14/2003,Godart,Phutthaisong,777314,448
3/31/2012,Rudy,Asempapak,717799,449
8/31/2003,Jarrid,Polel Diaoubé,598361,450
4/23/2008,Tait,Bajia,552745,451
1/3/1996,Nikolaos,Feondari,264721,452
8/15/2009,Kahaleel,Reuleuet,542946,453
5/15/2000,Keven,Watodei,587771,454
3/14/2013,Neel,Taunoa,875316,455
6/1/2023,Garrik,Bells Corners,764986,456
4/1/2006,Ad,Yingkeng,230662,457
12/13/2008,Doyle,Sumberrejo,135949,458
8/24/2005,Meredeth,Kubang,699611,459
11/29/2016,Brnaba,Yingtan,861806,460
5/4/2017,Llywellyn,Chicago,667337,461
11/8/1996,Myles,Kesugihan,672430,462
8/21/2008,Mace,Karangpaningal,176234,463
1/27/2021,Gonzalo,Saint Lucia,345706,464
8/1/2021,Kendell,Baiheshan,547903,465
11/11/2006,Darcy,Pelym,430712,466
9/28/2017,Cleon,Port Nolloth,295801,467
10/14/1999,Alwin,Esplanada,837279,468
6/15/2002,Kirk,Fāryāb,125458,469
12/23/2012,Hammad,Dinghuo,796430,470
2/25/2014,Eduard,Chmielno,587899,471
6/22/1998,Jeffie,Oebai,422495,472
3/3/2022,Isaak,Huasta,951742,473
1/10/2002,Nathaniel,Castelnaudary,301924,474
1/12/2003,Benton,Carcarañá,910348,475
3/18/2000,Damon,Perth,760903,476
7/10/2011,Rory,Kamenický Šenov,402976,477
4/5/2003,Carroll,Fulnek,886601,478
9/12/2018,Killie,Alvalade,311752,479
10/27/2011,Olly,Boise,887733,480
1/23/1998,Lucas,Carolina,114957,481
6/23/2023,Pace,Halmstad,142116,482
3/27/2011,Bret,Kombapari,922611,483
4/22/2008,Erroll,Malaba,842199,484
5/16/2013,Thornton,Aguiar da Beira,528209,485
12/18/2014,Elisha,Sulak,374204,486
11/16/1996,Nevil,Enonkoski,195618,487
2/22/1999,Cross,Hualingang,782168,488
9/19/2019,Stanfield,Yonglong,102550,489
11/4/2022,Federico,Casal dos Bernardos,716695,490
7/30/2014,Sly,Conel,526434,491
10/1/2006,Lalo,Hrušovany u Brna,703936,492
8/28/2014,Bobbie,Hachinohe,518936,493
11/16/2002,Cori,Shixian,377251,494
8/24/2005,Ewart,Zuocun,875219,495
12/31/2004,Orlando,Paraiso,464915,496
10/17/2018,Stavros,Linxia Chengguanzhen,355398,497
5/26/2004,Reid,Santa Rita,966460,498
1/19/1997,Cly,Sudimoro,921847,499
5/30/2013,Logan,Yushanpu,958408,500
3/18/2016,Don,Port Saint Lucie,376637,501
3/18/2021,Donny,Matagbak,879013,502
12/19/2013,Duke,Tanlad,237288,503
2/19/2014,Fleming,Masty,607008,504
4/8/1996,Yves,Bhātpāra Abhaynagar,811038,505
3/1/2015,Shanan,Yangshan,391381,506
5/3/2001,Andy,Gununganyartambak Tengah,683244,507
1/11/2000,Rossy,Andongsari,559128,508
3/21/2020,Lind,Artsvaberd,870470,509
4/26/1999,Ewell,Fada,144649,510
1/15/2008,Walther,Mikstat,223649,511
1/4/1996,Howard,Panalanoy,474490,512
2/11/2016,Dewie,Birni N Konni,521803,513
9/2/1997,Seymour,Portachuelo,984638,514
12/20/2001,Duky,Mamasa,172507,515
6/21/2016,Davon,Muarapinang,140748,516
10/20/2001,Mikey,Řehlovice,654292,517
12/28/1997,Roger,Cache Creek,921765,518
5/17/2000,Sanderson,Termas de Río Hondo,568446,519
9/22/2010,Cart,Kibuku,898962,520
4/1/2004,Silvano,Providence,476253,521
11/3/2021,Stillman,Kon Tum,794137,522
1/24/2018,Claybourne,Itarana,561578,523
8/31/2006,Zacherie,Wan’an,916924,524
5/12/2003,Yvon,Zabrze,147214,525
6/25/1998,Ricoriki,Guanmian,939739,526
5/19/2024,Price,Venilale,704696,527
11/19/2012,Alejandro,Nhơn Trạch,993283,528
5/4/2019,Torrey,Cláudio,765512,529
7/25/2008,August,Bella Vista,167432,530
8/2/2006,Pebrook,Köln,616156,531
10/27/2018,Neddy,Palpalá,435539,532
12/22/2008,Aubert,Viking,602708,533
3/11/2016,Burke,Weiyuan,677729,534
11/30/1997,Jase,Marteleira,733605,535
12/24/2012,Harlen,Sitiarjo,692324,536
5/31/2012,Alard,Bồng Sơn,974236,537
10/30/2016,Jack,Shaxi,932703,538
10/6/2004,Giacopo,Dayushu,569673,539
8/12/1997,Mattie,Tianyu,751070,540
12/21/1999,Claiborn,Tuymazy,797800,541
9/3/2021,Grant,Ouani,263989,542
12/25/2005,Jedediah,Bima,264196,543
6/26/2006,Johnny,Vimieiro,168700,544
1/28/2001,Vaughan,Hucun,262174,545
9/26/2001,Thebault,Pipa,819131,546
5/25/2016,Selby,Salamá,698149,547
12/20/2011,Bond,Purong,965672,548
5/16/2010,Costa,Hachiōji,187698,549
5/6/1999,Early,Altagracia de Orituco,320174,550
12/6/2010,Jacobo,Chapayeve,192500,551
11/26/2007,Francois,Bužim,350862,552
2/14/1999,Krishnah,Gllogjan,918265,553
4/18/2004,Dion,Türkmenbaşy,972713,554
4/19/2004,Ashton,Крива Паланка,444359,555
5/10/2005,Leif,München,616974,556
8/7/1995,Rurik,Xihe,137020,557
5/12/2013,Jamie,Kuala Bhee,613147,558
3/1/2022,Georgie,Lingbei,439955,559
6/20/2007,Dun,Kut Chap,188326,560
1/13/2002,Forrest,Birinci Aşıqlı,287682,561
12/24/2005,Berkley,Shangdian,511991,562
10/24/2008,Fonz,Savelugu,330521,563
10/17/2023,Terrell,Yanghe,905709,564
2/23/2007,Harman,Sudogda,774822,565
10/31/2000,Horatius,Huancapi,448181,566
3/6/2023,Ephrem,Suresnes,656040,567
1/11/2015,Lowrance,Youguzhuang,154298,568
1/12/2017,Wayne,Pozhang,732525,569
8/23/2006,Dorie,Xipingle,893601,570
5/12/1997,Lalo,Tegalgede Kulon,790646,571
12/24/2014,Port,Banjar Dukuh,571424,572
5/16/1996,Hall,Furudate,957346,573
8/18/2011,Kelly,Rudolfov,975987,574
6/6/2011,Ahmed,Santa Bárbara d'Oeste,583902,575
10/5/2012,Pietrek,San Miguel Ixtahuacán,162984,576
11/16/2001,Martino,Le Havre,392458,577
4/12/2005,Simon,Sukajadi,743186,578
10/13/2001,Teodorico,Liushutun,348710,579
3/24/2007,Riobard,Lāliān,768710,580
1/20/2004,Orrin,Troyes,769184,581
2/10/2018,Isaak,Lapu-Lapu City,929361,582
1/13/2014,Emmy,Apóstoles,374388,583
10/26/2012,Gabriel,Gumawang,236208,584
11/1/2019,Padget,Misungwi,794443,585
9/9/2015,Barnebas,Swinford,198252,586
9/17/2011,Quinton,Huangxikou,448149,587
1/31/1997,Jefferson,Mont-Saint-Hilaire,438649,588
9/14/2003,Penny,Nicasio,430396,589
7/14/2001,Christiano,Leye,677736,590
12/11/2023,Leighton,Ostrów Lubelski,372290,591
8/25/2015,Edlin,Ebaye,299187,592
9/11/2007,Hube,Mudian,279555,593
9/28/1996,Stillman,Marseille,748311,594
6/23/2001,Guthrey,Pa Tio,966535,595
8/25/2005,Angel,Ozubulu,493387,596
10/31/2019,Clair,Sidomulyo,533388,597
1/3/2002,Hamish,Sandaogou,720944,598
7/29/2014,Cullie,Stratónion,251465,599
8/15/1996,Henry,Aparecida,163687,600
3/10/1999,Demetrius,Rio do Sul,255342,601
7/3/2021,Garwin,Sokol’skoye,347946,602
2/7/2015,Garrard,Ostankinskiy,166049,603
9/5/1998,Reuben,Gogaran,325905,604
3/10/1999,Denver,Dulyapino,106152,605
8/1/1995,Hamish,Ereencav,947330,606
9/19/2013,Rustin,Otradnyy,398841,607
11/20/2019,Tobiah,Oitui,355909,608
3/16/2006,Tucker,Cibanten,617055,609
9/4/2007,Heindrick,Xilian,356893,610
9/15/2002,Zedekiah,Carumas,259482,611
9/13/1998,Victoir,Huangtian,494733,612
3/22/2014,Stanton,Panan,643055,613
3/25/2011,Ruggiero,Xingdian,557719,614
9/4/2006,Bartram,Estrada,905828,615
7/5/2023,Monte,Zhujiachang,377418,616
8/7/2017,Rourke,Itaporanga,340410,617
6/27/2007,Yancey,Borik,647679,618
1/18/1997,Godfry,Colosó,975153,619
11/3/2004,Randy,Kista,952296,620
12/27/2005,Diarmid,Leon,706913,621
10/23/2015,Brendan,Wielka Nieszawka,945852,622
12/25/1997,Christiano,Ul,727686,623
8/24/2002,Rudd,Acarí,973292,624
12/4/2012,Rolf,Abangay,433176,625
7/27/2009,Jonathon,Estancia,966914,626
11/4/2014,Cooper,Yufrus,258998,627
12/7/2013,Kile,Pego Longo,802697,628
1/27/1999,Tibold,Baomin,386365,629
4/9/2015,Brendin,Baghdad,593179,630
9/25/2014,Tuck,Bairro dos Marinheiros,238666,631
9/2/2021,Kelbee,Tumpang Satu,834942,632
10/4/2021,Rutter,Lapuz,887262,633
1/24/2004,Terence,Sułów,932212,634
6/5/2017,Lorrie,Tyazhinskiy,536058,635
12/25/2002,Birch,Uspenka,708590,636
4/5/2003,Clayton,Všenory,215660,637
6/15/2019,Tomas,Sarany,169662,638
9/18/2014,Levey,Vila Chã,447746,639
4/12/2020,Dennison,Pho Si Suwan,477745,640
12/8/2013,Orland,Nueva Italia,896302,641
3/9/2012,Maury,Sukamaju,882891,642
10/27/2021,Emilio,Železnice,518836,643
7/27/2000,Eugene,Moussoro,156804,644
12/9/2023,Standford,Nová Paka,983157,645
8/29/1999,Markos,Imaichi,513015,646
2/16/2020,Ase,Anbyŏn-ŭp,837532,647
12/15/2021,Harwilll,Umbanyar,399514,648
3/2/2022,Hernando,Futaleufú,273970,649
6/24/2004,Zak,Vojnić,481614,650
12/20/2002,Winifield,Pingba,827381,651
10/27/2005,Harbert,Tashtagol,456370,652
5/23/2014,Antoine,Dakingari,566031,653
10/19/1996,Pieter,Quince Mil,859876,654
12/3/2017,Horten,Solntsevo,852665,655
9/6/2019,Harbert,Salamrejo,419907,656
3/25/2007,Jasper,Saint Paul,121895,657
7/19/2018,Terri,Nova Olímpia,155191,658
3/30/1999,Merill,Yanshi,619714,659
12/30/1995,Jarad,Lyon,429017,660
10/28/2020,Donovan,Buzuluk,394048,661
9/18/2010,Nicky,Gammad,467135,662
8/31/2001,Iggy,São João das Lampas,768755,663
2/12/2013,Quillan,Washington,677380,664
8/27/2003,Melvin,Ketangi,704216,665
8/6/2023,Adrien,Borok,468282,666
11/24/2006,Erek,Mundybash,956073,667
11/17/2000,Basilius,Tapon,456649,668
1/13/2004,Rustie,Beaumont,895795,669
2/12/2021,Hersch,Kalino,179854,670
10/23/2020,Grenville,Dalupaon,842364,671
1/22/2022,Creigh,Zagora,112645,672
6/18/2013,Ravid,Nurmijärvi,280954,673
8/15/2004,Horst,Huating,409094,674
9/14/2002,Gregorio,Cennan,807688,675
6/13/2000,Tally,Taldan,464479,676
3/7/2013,Gael,Figueiras,678082,677
9/3/2021,Travis,Rimouski,910606,678
9/25/2018,Gabi,Chazón,611129,679
7/12/2021,Riccardo,Gardēz,806441,680
3/1/2011,Errick,Höganäs,573946,681
9/1/2016,Cassius,Dalang,719205,682
12/8/2016,Cazzie,Zebrzydowice,457135,683
12/23/2022,Chandler,Dayr Mawās,254033,684
12/9/2016,Trueman,Middelburg,697584,685
8/29/2000,Taite,Zvečan,301558,686
2/26/1996,Lionel,Rude,193448,687
3/5/2019,Sansone,Haoxue,943537,688
2/12/2004,Andrej,Cigaleuh Kulon,739906,689
10/7/2018,Cristian,Gampola,810647,690
7/15/2006,Claiborne,Lesnyye Polyany,804104,691
12/28/2001,Reilly,Chisht-e Sharīf,751705,692
2/26/1997,Hartley,Frederiksberg,157179,693
2/1/2010,Nealson,Jandaia do Sul,569109,694
3/16/2002,Murdoch,Jiapeng,300848,695
3/28/2009,Dominic,Bethel Town,622097,696
2/21/1997,Sigfried,Dongguan,189848,697
1/18/2014,Benito,Vypolzovo,381390,698
2/8/2015,Theobald,Randfontein,502080,699
12/6/1996,Karl,Banjar Bucu,336436,700
4/19/2014,Paxton,Amurzet,917703,701
5/11/2000,Tracie,Fortuna,350173,702
3/7/2020,Harlin,Prince Rupert,246333,703
6/1/1996,Leroy,Əhmədbəyli,671008,704
4/13/2023,Saleem,Gigante,719057,705
8/16/1999,Brendis,Sidi Qacem,349234,706
11/28/2016,Rory,Jaqué,273473,707
9/28/2006,Tudor,Haiyan,877840,708
3/12/2024,Tamas,Novyye Cherëmushki,645664,709
3/1/2008,Hagen,Margasari,256804,710
3/11/1997,Pearce,Cap-Santé,717678,711
7/14/2016,Tyrone,Xitou,730963,712
12/17/2019,Pierson,Valcheta,927153,713
1/2/1999,Barney,Lovas,785610,714
2/29/2012,Clemmy,Río Segundo,970100,715
8/10/2011,Galen,Cartagena,133370,716
7/11/2021,Hadley,Concepción del Bermejo,853659,717
5/7/1996,Bald,Tranås,663277,718
5/26/2015,Dave,Fonteleite,266938,719
1/6/2016,Kennie,Choloma,922031,720
6/21/2006,Abbey,San Roque,606525,721
8/17/2019,Ximenes,Yasothon,692511,722
10/12/2010,Jourdain,Blyznyuky,200002,723
10/5/2009,Thibaud,Vitoria-Gasteiz,104041,724
9/9/1999,Kalle,Jamban,447197,725
3/28/2003,Templeton,Baltimore,101143,726
6/30/2007,Thoma,Aranguren,681062,727
11/13/2020,Kin,Cibiru,888516,728
8/5/2021,Boigie,Falköping,958201,729
4/15/2009,Dallon,Ngelak,805122,730
5/5/2020,Yorgos,San Antonio,824751,731
1/2/2003,Lucien,Leicheng,440288,732
3/12/2021,Dani,Wengang,111697,733
10/5/2019,Garald,Deba Habe,347512,734
1/27/2014,Fergus,Hronov,476889,735
9/9/2011,Loren,Ribas do Rio Pardo,996566,736
2/1/2007,Abraham,Yazykovo,951117,737
10/9/1997,Saul,Pobral,694091,738
7/20/2001,Kinnie,Inuvik,127622,739
6/12/1999,Elvis,Macia,790346,740
9/1/2017,Andie,Chalan Pago-Ordot Village,182686,741
3/18/2001,Terrel,Orël,152398,742
6/8/2021,Lazare,Āsbe Teferī,131845,743
1/22/2016,Haley,Ugra,583937,744
3/4/1999,Rollin,Bilajer,616355,745
3/31/1998,Isaiah,Sangzhen,396554,746
8/16/2010,Welby,Topeka,661592,747
2/28/2006,Roley,Kaeng Khoi,792223,748
11/3/2009,Grove,Yanglong,265043,749
6/8/2006,Ellery,Nyangao,715508,750
10/10/1997,Benson,Yijing,288474,751
2/17/2002,Car,Nijemci,863438,752
7/31/2005,Chadd,Skopin,666455,753
2/5/2018,Bob,Fengjiang,708470,754
1/25/1999,Dylan,Shanghu,737397,755
4/25/2020,Rad,Thành Phố Uông Bí,239699,756
11/13/2011,Wallis,Angeghakot’,814066,757
6/6/2008,Gunar,Puzi,410185,758
4/21/2015,Shalom,Mendeleyevsk,381848,759
12/4/2009,Norbie,Jiuting,877127,760
8/12/1997,Onofredo,Siverskiy,638125,761
2/10/2010,Vick,Hankha,919450,762
1/28/2007,Ingemar,Taiping,365855,763
6/19/1998,Hersh,Jieduo,696188,764
8/30/1999,Enrique,Gununggoong,258418,765
3/12/2005,Stefan,Gombong,287198,766
3/3/2010,Rod,Zykovo,241539,767
9/9/2005,Sergent,Xinqiao,728214,768
10/22/2005,Lorry,Trzcińsko Zdrój,934662,769
6/25/2000,Uriel,Āl Ma‘ūdah,541764,770
2/6/2007,Llywellyn,Yoshkar-Ola,941492,771
5/22/2001,Cosme,Gainesville,717255,772
4/8/2003,Nicky,Itabaianinha,186971,773
11/12/2021,Vincenz,Arlöv,647805,774
8/21/2023,Reid,Kamwenge,820226,775
1/25/1998,Lester,Trảng Bom,524966,776
2/9/2018,Matteo,Tangzang,941295,777
8/4/2009,Niels,Baturyn,662329,778
5/16/2003,Yank,Selasari,133875,779
5/16/2013,Raffaello,Mamponteng,217085,780
11/13/2022,Barn,Gaotaizi,307062,781
5/20/2022,Duffy,Yoshikawa,506541,782
5/1/2000,Johnathon,Jiangkou,292991,783
8/22/2022,Bradley,Ivyanyets,666966,784
5/1/2002,Lancelot,Irbit,321268,785
1/24/2024,Leroy,Orlovskiy,315027,786
8/10/2023,Heriberto,Puricay,405439,787
5/30/2015,Artemas,Xinqiao,704022,788
8/8/2006,Alberto,Tairan Camp,970699,789
5/3/2015,Horst,Stockholm,974545,790
10/6/2013,Rabi,Kokopo,998309,791
3/28/2018,Constantin,Hausjärvi,765125,792
11/29/2018,Patin,Mitrofanovka,520959,793
3/5/2009,Paige,Sterlitamak,290132,794
4/22/1997,Sebastien,Ottawa,730728,795
2/15/1996,Englebert,Tayabo,751160,796
7/13/2016,Christiano,Belfort,938353,797
5/1/2003,Emanuel,Baitang,233421,798
7/31/1995,Case,Xianxi,204102,799
8/20/2022,Kalvin,Menghai,495683,800
7/30/2000,Dall,Stąporków,757994,801
12/17/2019,Mikol,Shanmei,425370,802
2/19/1996,Bar,Batambak,351879,803
12/21/2000,Pedro,Uíge,302265,804
7/14/2008,Jamison,Stockholm,635427,805
7/7/2018,Leroy,Kyustendil,408934,806
12/9/2015,Consalve,Karanggeneng,351884,807
6/24/1998,Raimondo,Bamenda,884684,808
5/30/2020,Warren,Gambang,113637,809
10/23/2012,Abran,Sabaneta,180051,810
7/7/2016,Denis,Krujë,996164,811
4/2/2019,Von,Jiangluo,276490,812
11/29/2009,Timmy,Sâmraông,270839,813
10/27/2006,Zach,Mineralni Bani,395995,814
1/23/2005,Henrik,Sidaraja,953380,815
6/12/2005,Nealon,Orlândia,494169,816
10/15/2014,Land,Banhā,319932,817
11/21/1997,Sanson,Cottbus,605239,818
9/19/2016,Herculie,Muzayri‘,509173,819
8/11/2012,Bale,Kiambu,110568,820
12/10/2010,Randal,Al Muharraq,824927,821
12/2/2005,Geri,Cergy-Pontoise,519904,822
10/19/2004,Obed,Espírito Santo do Pinhal,745836,823
3/21/1998,Chick,Lycksele,838363,824
2/23/2003,Prince,Kelo,304865,825
5/25/2015,Berny,San Juan,187572,826
7/3/1997,Phillip,Hartford,372853,827
12/21/2009,Nataniel,Summerside,774345,828
1/30/1997,Emory,Bao’an,288629,829
4/7/2017,Rudie,Neklyudovo,663730,830
1/15/1997,Cal,Saint-Raymond,665619,831
2/1/2009,Harman,Cesvaine,903808,832
3/25/1998,Laughton,Schirmeck,682536,833
4/26/2003,Willem,Belsk Duży,560569,834
6/23/2008,Jaymie,Urbiztondo,218346,835
1/22/2005,Saxon,Tianhe,738617,836
12/1/2010,Alfredo,Hoogeveen,946659,837
1/4/2000,Carlyle,Shenjing,638195,838
4/3/2010,Jude,Velykyy Klyuchiv,813224,839
1/2/2014,Stefano,Xian’an,228665,840
12/17/2004,Frans,Sérvia,130981,841
2/20/2005,Perry,Starominskaya,313039,842
6/13/2000,Matthiew,Cijayana,464311,843
7/20/1997,Zacherie,Talisay,560707,844
3/21/2014,Lay,Flagstaff,371045,845
2/20/2024,Ave,Stockholm,151540,846
1/7/2009,Lewie,Phra Pradaeng,119087,847
8/13/2023,Ramsey,Rancabuaya,961639,848
3/6/1997,Hayes,Las Junturas,165821,849
2/24/2008,Alano,Крушево,193604,850
3/22/1998,Jarad,Yong’an,184293,851
3/22/2001,Jeff,Galis,105253,852
10/3/2010,Jedd,Tomas,263359,853
6/24/2016,Marlo,Novosel’ye,926000,854
9/3/2022,Derek,Sonlit,801421,855
4/28/2012,Terrel,Hưng Nguyên,897139,856
4/29/1999,Tedie,San Juan,361994,857
12/31/2020,Heath,Lancai,420583,858
12/11/1995,Silvester,Olenyok,588970,859
7/31/1998,Wit,San Rafael del Sur,931457,860
4/20/2023,Farr,Lyubokhna,826608,861
6/7/2004,Odo,Ribafria,207005,862
8/21/2023,Reginald,Lions Bay,486372,863
6/27/2006,Lazarus,Majunying,590499,864
8/18/1999,Shelley,Sirib,495812,865
12/15/1999,Sollie,Hovtamej,480880,866
1/4/1999,Jarred,Krajan Srigonco,841384,867
5/11/2024,Alwin,Oemofa,949438,868
5/26/2008,Gaston,Solnechnoye,647096,869
9/13/1998,Keane,Mērsrags,744115,870
3/22/2007,Kelby,Łaszczów,846640,871
6/20/2019,Alonso,San Marcos,542951,872
6/22/1999,Ferguson,Colorado Springs,803899,873
1/3/2023,Cyrus,Kingscourt,359742,874
9/18/2021,Lemuel,Harjamukti,204441,875
9/24/2002,Odey,Ipil,733128,876
9/21/2000,Charles,Pyra,638433,877
6/24/2021,Barr,Andres Bonifacio,780061,878
11/8/1997,Dietrich,Talzemt,575656,879
9/5/2004,Kingsly,Tekeli,213649,880
7/2/2022,Lowe,Waepana,642108,881
8/2/2011,Allin,Šenkovec,471872,882
1/25/1996,Lowell,Santa Maria Oliveira,865819,883
2/29/2024,Swen,Basing,180338,884
3/21/2023,Lemmy,Zelenogorsk,116098,885
12/30/2016,Morgun,Yushan,223056,886
9/23/2013,Dirk,Kachar,870999,887
7/13/2012,Adair,Macapá,382850,888
11/27/2017,Edlin,Rudniki,834323,889
3/28/2002,Tull,Zhuji,529607,890
12/14/1999,Claudian,Chartres,657506,891
10/27/1995,Kelvin,Balakhta,691756,892
12/27/2014,Nester,Shaami-Yurt,330085,893
3/26/2008,Tris,Detusoko,968197,894
2/10/2000,Calvin,Corpus,199008,895
5/22/2000,Gabi,Shamva,986384,896
9/7/2007,Reinald,Krasnoarmiys’k,806938,897
3/18/2017,Ferris,Oro Verde,298053,898
11/29/2011,Krishnah,Astara,290197,899
7/28/2011,Clare,Pato-o,851872,900
7/11/2008,Weston,Orodo,780950,901
8/17/1999,Tony,Borzechów,673183,902
10/18/2001,Giordano,Dob,276555,903
6/9/2015,Tully,Siak Sri Indrapura,992314,904
4/25/2016,Broderick,Rivadavia,939235,905
3/14/2004,Zedekiah,Rabāţ-e Sangī-ye Pā’īn,216555,906
1/6/2008,Paddie,Cupira,471729,907
11/19/2022,Chrisse,Bystryanka,263448,908
10/1/2016,Ulysses,Doudleby nad Orlicí,554037,909
9/24/2023,Osbourn,Rueil-Malmaison,203124,910
2/4/2006,Andrey,Cadiz,740696,911
2/26/2018,Bailey,Pohang,546857,912
8/12/2006,Andrea,Futaleufú,917918,913
10/18/2010,Gray,Frydrychowice,979956,914
6/10/1997,Lemmy,Gombong,400114,915
7/23/2003,Cosme,Jiangqiao,830092,916
2/6/2010,Sidnee,Strawczyn,613555,917
6/25/2020,Jesus,Randu,483921,918
1/12/2019,Neall,Boncong,648810,919
2/18/2022,Crawford,Gevgelija,274514,920
5/3/2012,Nicolais,Musan-ŭp,746968,921
7/11/1997,Rossy,Tanxi,632332,922
4/17/2005,Roddie,Katsina-Ala,164094,923
7/30/2002,Ludwig,Babakandesa,115129,924
3/9/2008,Artie,Pinghu,236482,925
1/18/2023,Clive,Masiga,799370,926
4/20/2002,Yulma,Curvelo,687774,927
2/9/2000,Kevan,Borås,668036,928
7/21/2014,Isadore,São José dos Pinhais,171093,929
3/28/1998,Saundra,Kashihara-shi,799674,930
8/8/2016,Humphrey,Nikitinskiy,407007,931
11/24/2015,Moshe,Labuhankananga,179651,932
12/10/2023,Berny,Gorki Vtoryye,387482,933
1/3/2024,Ody,Breu,467436,934
9/18/2020,Carling,Yashalta,241682,935
3/5/2001,Enoch,Gujun,800706,936
3/15/2007,Skelly,Waturoka,681496,937
11/14/2019,Bronny,Rowokangkung,246284,938
12/16/2003,Jan,Ouidah,710309,939
4/27/2018,Dudley,Luo’ao,338892,940
11/12/2004,Preston,Causwagan,882537,941
10/13/2010,Kearney,Växjö,169602,942
6/27/1997,Leonid,General Belgrano,922637,943
4/16/1996,Barrett,Sabugo,235476,944
12/26/2009,Gannie,Yangxipu,454252,945
1/25/2009,Moritz,Kachkanar,283230,946
7/9/2008,Dion,Vũ Thư,473659,947
5/17/2015,Vittorio,Pitangui,841689,948
9/29/2015,Guido,Remas,655765,949
10/25/2011,Galvin,Huangnihe,105808,950
3/5/1998,Caesar,Namp’o,201398,951
9/21/2002,Bartlet,Rennes,402521,952
2/29/1996,Cassie,Catarman,132447,953
4/6/1996,Harcourt,Alejo Ledesma,848332,954
7/19/2000,Erhard,Belozërskoye,855864,955
10/14/2007,Chadd,Chenghe,373535,956
5/28/2013,Izzy,Kraśnik,228330,957
12/23/2021,Skelly,Mogzon,556402,958
5/5/2004,Carey,Beaufort West,676509,959
10/4/2012,Talbert,Larangan,453047,960
12/4/2016,Dannel,Villa Santa Rita,214669,961
1/11/2005,Irvin,Yeoju,941169,962
4/12/2022,Stanley,Tonoas Municipal Building,814465,963
12/17/2018,Keir,Myshkin,612595,964
10/31/2019,Torrance,Al Ḩajar al Aswad,134605,965
12/2/1998,Ignaz,Capilla del Monte,140591,966
8/6/2022,Sandro,São Martinho,777617,967
4/8/2007,Raleigh,Taverny,851942,968
2/23/2016,Ryun,Saint-Louis,184566,969
10/20/2022,Dag,Boa Vista,389149,970
1/3/2020,Thorsten,Angus,746934,971
2/15/2002,Gauthier,Hartford,706120,972
1/12/2007,Jecho,La Plata,703573,973
8/29/1997,Cosme,Koshigaya,147562,974
8/16/2018,Yardley,Brezovica,186700,975
12/22/2021,Skipp,Blois,738441,976
7/2/2012,Bryan,Boneng,901683,977
9/29/1996,Lyell,Cikupa,101441,978
9/6/2002,Raymond,Villa Gesell,242548,979
8/27/2017,Dene,Längelmäki,514216,980
11/2/2009,Boot,Wuluquele,552832,981
7/8/2018,Jamill,Tanghua,943248,982
5/1/2015,Gerry,Matanzas,955753,983
2/26/2019,Cross,Oeiras,291716,984
4/24/2009,Arel,Pozo Hondo,750944,985
9/24/2018,Claybourne,Dongchong,977589,986
11/6/2006,Rufus,Manicaragua,932256,987
7/13/1995,Shayne,Ait Ali,255137,988
4/19/2008,Ambrosio,Orange,667340,989
3/6/2001,Bradney,Velká nad Veličkou,844491,990
12/29/2016,Romain,Brzączowice,719226,991
12/9/2011,Denis,Paratinga,450957,992
9/3/2000,Mervin,Bagadó,328484,993
10/30/2002,Preston,Banjar Sambangan,888385,994
10/3/2002,Berkeley,Valencia,521272,995
4/19/2001,Janos,Summerside,447942,996
10/21/1996,Theodor,Hezheng Chengguanzhen,933613,997
5/14/2014,Henrik,Quinta de Valadares,744601,998
4/11/2021,Claiborn,Shumikhinskiy,160748,999
9/23/2001,Farlay,Tandel,515026,1000
