Organization_Name,Leader,Foundation_Year,id
Effertz Group,Katy,3/16/2020,1
Bashirian-Paucek,Blaine,5/12/2017,2
Weimann-Kirlin,Elli,1/11/1987,3
Jakubowski Inc,Gilbert,4/29/1997,4
"Hackett, Kuphal and Parisian",Muffin,12/6/2023,5
"Hackett, Hayes and Funk",Koo,5/5/1996,6
O'Conner LLC,Ewen,10/15/1993,7
Rodriguez and Sons,Janelle,7/29/1989,8
Cummerata-Hegmann,Mollee,12/21/1992,9
Goodwin LLC,Denyse,3/14/1998,10
Waters LLC,Barny,6/10/1988,11
"Cummerata, Monahan and Schneider",Gayle,1/24/1996,12
"Toy, Kertzmann and White",Burlie,8/27/1980,13
Roberts Inc,Julio,6/3/1991,14
"Romaguera, Rau and Marvin",Consuela,8/18/1981,15
"Simonis, Lindgren and Walsh",Emanuele,9/18/1998,16
Schimmel Group,Aviva,8/6/1986,17
"Hilpert, Jacobi and Champlin",Pet,9/14/2002,18
Kessler-Pfannerstill,Andeee,7/31/2006,19
"McGlynn, Russel and Langworth",Nannette,11/22/1996,20
Schinner LLC,Rosita,3/19/1993,21
Beatty-Stehr,Abbie,10/10/1990,22
Ullrich Inc,Terra,7/21/2004,23
Kessler-VonRueden,Jammal,3/6/1988,24
Konopelski and Sons,Lorrin,3/30/2017,25
"Turcotte, Osinski and Ritchie",Leroy,3/12/1986,26
"Veum, Nolan and Kozey",Marley,4/8/1990,27
Hills-Kuhlman,Faina,8/11/2017,28
Hamill-Volkman,Gage,6/27/1988,29
Flatley-Wuckert,Doris,3/29/2024,30
"Konopelski, MacGyver and McClure",Ariela,3/21/1997,31
Murazik and Sons,Salvidor,8/28/2001,32
Rodriguez-Rodriguez,Nevil,12/27/2006,33
"Kuphal, Luettgen and Flatley",Reta,4/7/2006,34
"Turner, Harvey and Buckridge",Drusie,2/24/2017,35
"Swaniawski, Bergstrom and Harber",Brynn,1/20/2004,36
"Block, Grady and Konopelski",Isak,5/29/1988,37
Metz and Sons,Quentin,10/16/1991,38
Kuphal-Romaguera,Vern,8/17/2012,39
Ernser Group,Hillel,2/13/2009,40
Steuber Inc,Kristoforo,6/27/2016,41
Cummerata Inc,Hinze,2/1/1982,42
"Kerluke, Runolfsson and Moore",Grant,9/2/2019,43
Kunze Inc,Lazare,6/2/2017,44
Tremblay-Reilly,Boone,8/4/2002,45
"Kutch, Quigley and Ebert",Betteann,1/6/2000,46
"Schmitt, O'Conner and Monahan",Fernanda,5/2/2017,47
Friesen-Brown,Javier,7/19/1998,48
Huel LLC,Emalia,12/14/1991,49
Tillman Group,Rochella,8/1/2012,50
Ritchie Group,Phillie,7/6/2020,51
"Prohaska, Marks and Frami",Cam,3/28/2002,52
"Hudson, Smith and Tremblay",Trudi,6/8/2014,53
"Wuckert, Haag and O'Connell",Gerri,1/9/2006,54
Frami-Volkman,Brooks,11/18/1987,55
"Labadie, Hermiston and Langworth",Adan,1/18/2011,56
"VonRueden, Beahan and Halvorson",Tandie,8/5/2007,57
"Fisher, Pfeffer and O'Reilly",Babette,5/20/2019,58
Schumm-O'Hara,Lucille,8/14/2002,59
"Bernhard, Pacocha and Kris",Blanche,9/15/2000,60
Wintheiser LLC,Domenico,4/26/2004,61
Senger-VonRueden,Meggie,11/6/1987,62
Jones Inc,Hi,7/28/1993,63
"Schoen, Wintheiser and Huels",Dario,2/8/2005,64
"Cronin, O'Connell and Zieme",Traci,2/27/2020,65
Conroy-Lockman,Lula,3/13/2018,66
Connelly-Feeney,Monika,12/5/2021,67
Waters LLC,Drusilla,5/21/2005,68
Quigley Group,Rheba,1/10/1983,69
Lesch Group,Valle,9/4/2007,70
Brown-Ullrich,Janie,6/27/1988,71
DuBuque-Boyle,Filbert,7/27/2003,72
Stark Inc,Kaitlin,4/25/2017,73
"O'Connell, D'Amore and Bogan",Thaddeus,11/30/2016,74
"Wilderman, Fay and Cormier",Shermie,2/19/2015,75
Marvin-Kemmer,Lee,5/8/2012,76
Leffler Inc,Patten,9/15/1993,77
"Runte, Hintz and McKenzie",Amalle,11/27/1981,78
Crist LLC,Jeanna,9/28/2023,79
Carter-Strosin,Lucinda,2/6/1987,80
Gutkowski-Grimes,Clovis,2/1/2000,81
Brown-Cummings,Stillmann,12/4/1988,82
Johnson Inc,Henrik,12/19/2001,83
Murphy Group,Wyatt,7/14/1980,84
Satterfield LLC,Waite,4/10/2024,85
Kohler Inc,Nadya,3/21/2022,86
"McLaughlin, Beer and Heidenreich",Ezra,7/6/1994,87
Kihn-Collins,Micky,4/3/2022,88
Parisian-Christiansen,Ferdinand,8/17/1998,89
Wolf-Conn,Randi,11/19/1998,90
Bayer Group,Adrianna,2/17/2001,91
Quitzon-Kunze,Renaldo,12/31/1997,92
Beatty-Koelpin,Rebe,3/12/1994,93
Lockman Group,Durand,6/16/1996,94
"Hodkiewicz, Kreiger and Bechtelar",Dian,9/9/1993,95
"Jacobson, Miller and Roberts",Genny,3/29/1987,96
"Rath, Toy and Wilderman",Opal,3/3/2001,97
Hettinger LLC,Ki,10/12/1997,98
Bayer Inc,Terrijo,3/15/2012,99
Swaniawski-Schulist,Cirillo,8/12/1993,100
"Ortiz, Donnelly and Howe",Dur,7/30/1990,101
Goyette-Tremblay,Blaine,2/3/2018,102
Herzog-Schmeler,Orlan,5/16/1992,103
Jast-Pfannerstill,Siana,11/28/2014,104
"Cronin, Rolfson and Hoppe",Alisun,4/3/2023,105
"Mohr, Berge and Lesch",Robenia,11/4/2007,106
Quigley Group,Roz,2/5/2021,107
Bartoletti-Pagac,Berta,8/24/1993,108
Huel Group,Robby,12/8/1984,109
"Corwin, Runolfsson and Emard",Leonelle,12/20/2016,110
Friesen Inc,Hagen,12/24/1994,111
Connelly-Wintheiser,Rufus,2/19/1991,112
Bayer-Raynor,Birgit,11/13/1981,113
"Cummerata, West and VonRueden",Luciana,11/15/1980,114
Dickinson Inc,Normy,6/18/1983,115
"Corkery, Sanford and Johnson",Allie,5/8/2022,116
"Bins, Jacobson and White",Lamont,1/13/2020,117
Weimann-Wiegand,Eliot,2/23/2009,118
Carroll-Robel,Ingeborg,3/29/1997,119
Abernathy-Goodwin,Nessi,3/21/2021,120
Bayer LLC,Eustacia,7/17/1999,121
Kuhn-Jakubowski,Clint,9/4/2002,122
Ebert-Reichert,Crawford,9/21/1998,123
O'Hara Inc,Felice,11/30/1982,124
Adams and Sons,Sergei,12/1/1999,125
Schiller-Swaniawski,Rodrick,2/9/1995,126
Kihn and Sons,Wanids,11/30/1996,127
"Spencer, Beatty and Hyatt",Gaston,3/20/2020,128
O'Connell LLC,Sarah,5/21/2023,129
Gerhold and Sons,Algernon,5/17/1990,130
Greenfelder-Koelpin,Dario,10/1/1987,131
"Zemlak, Wilkinson and Funk",Delcine,6/19/1986,132
Jacobs-Daugherty,Royall,3/1/2019,133
"Stroman, O'Conner and Gutkowski",Karlene,8/18/2005,134
Farrell-Emmerich,Marley,11/1/2019,135
Parker Inc,Modesty,7/6/2016,136
"Gleason, Larkin and Kessler",Starr,3/19/1983,137
Stokes-Lueilwitz,Tybalt,9/3/2022,138
Farrell-Parisian,Yank,1/7/2021,139
Shanahan-Gleason,Art,7/27/2021,140
Stanton LLC,Sarina,7/25/2010,141
Rice-Wunsch,Gregorio,8/30/2016,142
"Medhurst, Toy and Hansen",Elwyn,4/12/1990,143
Anderson Inc,Ricki,5/10/2003,144
King-Kiehn,Avril,8/15/2020,145
Rath-Mann,Storm,3/3/2019,146
"Bauch, Hand and Harvey",Shea,8/1/1997,147
Rau Group,Nevile,12/21/2003,148
"Bogan, Marquardt and Ledner",Jena,7/23/1989,149
"Dickens, Bayer and Mayer",Padriac,12/4/2017,150
"Boyle, Gutkowski and Stanton",Mabelle,11/16/1994,151
"Wehner, Leuschke and Parisian",Maximilian,3/10/2015,152
Gerhold Inc,Dirk,1/6/2000,153
Abshire and Sons,Deloris,4/30/1981,154
Zieme-Jerde,Francois,5/7/1989,155
Doyle Inc,Dex,10/13/2020,156
O'Keefe-Mills,Ulrika,11/25/2022,157
"Ziemann, Beer and Stamm",Cordie,9/3/2002,158
Stiedemann-Bartoletti,Joshuah,8/21/2007,159
Kerluke-Pfannerstill,Barbie,11/7/1996,160
"Lakin, Keebler and Bashirian",Rupert,7/23/2011,161
Crooks Inc,Eduino,4/6/2015,162
Klein-Waters,Waldon,10/23/2002,163
Miller-Hartmann,Marylou,10/7/2022,164
"Wisozk, O'Conner and Sawayn",Charmane,3/26/2020,165
"Smith, Hoppe and Ziemann",Hannie,3/22/2010,166
"Runolfsdottir, Lynch and Cummings",Amandi,8/19/1986,167
Gibson-Champlin,Emmy,7/29/1991,168
"Mertz, Mann and Bruen",Nicholle,4/9/1988,169
McDermott Group,Arlee,5/8/2011,170
"O'Connell, Quigley and Rice",Hirsch,10/3/1991,171
Leuschke Group,Chery,9/16/2019,172
Glover-Kulas,Craig,7/31/1994,173
"Trantow, Daugherty and Ratke",Waylan,3/15/2000,174
"Farrell, Deckow and Buckridge",Rivalee,7/6/1982,175
"Bogan, Hackett and Padberg",Darya,8/31/2009,176
"Dibbert, Bartell and Runolfsdottir",Jacob,1/18/1988,177
Little-Rippin,Norby,6/30/1985,178
Armstrong Group,Gilemette,8/22/1987,179
Skiles and Sons,Stanleigh,1/12/2008,180
Bogan and Sons,Laure,6/3/1988,181
Conn Inc,Renell,6/10/1989,182
Bogan-Schaefer,Dorena,7/8/2008,183
Champlin Group,Lavinie,2/26/2011,184
Schmeler-Weimann,Joanna,12/11/1985,185
Goodwin-Buckridge,Gib,10/10/2001,186
"Prosacco, Hansen and Lebsack",Jo-ann,5/30/1991,187
Casper-Mayer,Tedi,3/6/2012,188
"Welch, Legros and Hodkiewicz",Geri,1/23/1989,189
Monahan Group,Gisela,9/6/2005,190
Goldner-Stokes,Udale,10/1/1990,191
Bruen Group,Harriott,6/23/2013,192
Ryan Inc,Lorenza,3/24/2004,193
Reinger Group,Ester,11/3/2016,194
Weber LLC,Nettie,12/13/1994,195
Douglas and Sons,Halimeda,9/4/2020,196
Steuber-Bosco,Gusella,6/17/1992,197
Lowe Group,Kliment,5/20/2019,198
Rogahn Inc,Farris,5/26/2019,199
Wolff-Harvey,Rab,1/11/2013,200
"Kub, Flatley and Turner",Earl,6/13/1984,201
Lubowitz Inc,Priscella,11/4/1993,202
"Hodkiewicz, West and Leuschke",Phelia,3/22/1994,203
Carter and Sons,Bobbie,1/5/1991,204
Kutch-Heathcote,Janna,8/12/1993,205
Haley and Sons,Vinson,5/25/1982,206
Renner Inc,Zea,12/11/1980,207
"Schumm, Carroll and Russel",Barbee,11/9/2015,208
"Wintheiser, Nader and Nicolas",Aryn,9/28/2018,209
"Balistreri, Ortiz and Jenkins",Melanie,5/11/2024,210
Batz and Sons,Callie,10/7/2018,211
"Gleason, Kub and Kub",Steward,12/14/2023,212
"Upton, Maggio and Blanda",Ronica,5/25/1991,213
"Windler, Klocko and Ruecker",Guthrie,8/14/1987,214
"Torp, Cassin and Mills",Theodora,10/19/1996,215
Vandervort-Barton,Tonia,8/6/2023,216
"Stokes, Balistreri and Wisoky",Loralie,6/22/2000,217
Grady and Sons,Wyatt,12/15/2018,218
Wehner Group,Lotte,6/19/1996,219
Schuppe and Sons,Alyda,10/22/1988,220
Flatley-Kozey,Fayth,5/5/2013,221
"Berge, Smitham and Spencer",Lori,8/12/1993,222
"Williamson, Skiles and Rowe",Daphene,4/24/1999,223
VonRueden Inc,Delia,11/27/1991,224
Leuschke LLC,Nataniel,4/9/1991,225
Reichert and Sons,Phillie,5/17/1987,226
"Muller, Prosacco and Ebert",Nikoletta,6/22/2023,227
Lind-Bauch,Alia,11/18/2020,228
Yost LLC,Melodee,5/31/2020,229
Hilpert-Hessel,Worden,6/12/1990,230
Bailey Group,Eva,12/6/1987,231
Quitzon Inc,Catrina,8/18/1989,232
Pacocha Group,Marco,7/5/1981,233
Kuvalis and Sons,Antoni,2/16/1996,234
Blick-Cruickshank,Aurthur,1/28/2011,235
Jenkins-Morissette,Kristina,8/10/2011,236
White Inc,Reeta,10/10/2023,237
"Jacobson, Hodkiewicz and Mohr",Wally,4/5/2024,238
Simonis-Price,Iorgos,5/28/2006,239
Erdman-Mann,Bettina,4/11/2013,240
"Beer, Armstrong and Jaskolski",Carole,10/10/1996,241
Wyman-Senger,Noble,10/3/2019,242
Batz-Mann,Martie,2/25/2019,243
Rodriguez-Ferry,Ned,11/29/2022,244
"Marquardt, Grady and Kuhn",Gaspar,11/24/2007,245
"King, Crooks and Steuber",Conny,1/12/2017,246
Hilll-Beer,Ferguson,1/23/1992,247
Waelchi-Upton,Julissa,10/11/2018,248
"Shields, Pfeffer and Bayer",Babita,2/13/1990,249
"Nienow, Heaney and Greenholt",Elisha,1/10/2004,250
"O'Reilly, Kunde and Davis",Dorothee,11/14/2002,251
McLaughlin-Dickinson,Buck,5/28/2007,252
Gleason-Considine,Ginger,6/1/2012,253
Stoltenberg LLC,Kalina,12/3/2019,254
Leffler-Walsh,Theo,9/7/2003,255
"Huels, Kunze and Mayer",Ferrel,12/29/2022,256
Jacobson-Mohr,Lynnett,12/28/2010,257
Cormier and Sons,Samaria,8/4/2015,258
Bogisich-Kihn,Brendon,3/6/2008,259
Ryan-Funk,Bryon,11/16/1982,260
Raynor-Rippin,Travers,12/26/1986,261
Kassulke Group,Edwin,10/20/2012,262
Jones-Marquardt,Lenora,11/1/1998,263
Jast Group,Tammi,9/4/2001,264
"Schneider, Carter and Homenick",Alis,10/7/1991,265
"Johns, Hessel and Russel",Tuckie,2/9/1998,266
Dach-Koch,Wiatt,4/8/1997,267
Von-Bergstrom,Candida,2/25/2018,268
"Connelly, West and Wuckert",Chelsie,8/6/1987,269
Lindgren Group,Byrom,8/24/2019,270
"Berge, Sipes and Prosacco",Suellen,7/13/2002,271
Cummings-Kunde,Phedra,9/21/2008,272
"Bailey, Kemmer and Barton",Evyn,11/9/2009,273
"Turner, Ondricka and Stoltenberg",Shayne,9/28/1996,274
Keebler Group,Ole,9/4/1980,275
Mayert and Sons,Nara,5/29/1986,276
Hoppe and Sons,Kristy,6/27/2017,277
Corwin-Kutch,Pauline,9/10/1990,278
"Reynolds, Predovic and Franecki",Oates,7/24/2004,279
Nienow-Swaniawski,Cathee,6/13/1994,280
Beatty and Sons,Terrance,8/24/2018,281
"Ferry, Wolff and Botsford",Glenden,6/15/2001,282
"Hahn, Sanford and Murray",Merwyn,9/18/2002,283
McDermott and Sons,Brittney,2/12/2020,284
Ward-Schaefer,Judy,8/26/2004,285
Dickinson-Kertzmann,Steward,11/14/1980,286
"Becker, Lang and Ondricka",Else,11/2/1985,287
Armstrong-Kutch,Janifer,8/20/1999,288
"Blick, Doyle and Littel",Wini,11/12/1995,289
"Torp, Keebler and Murazik",Natka,10/4/1999,290
Lubowitz-Gislason,Rorie,12/19/2000,291
Hansen Inc,Briney,8/12/1999,292
Lemke and Sons,Karylin,10/25/1993,293
Kovacek LLC,Emylee,6/16/1982,294
Stamm-Little,Harlene,4/14/1983,295
"Cremin, Schneider and O'Hara",Clare,7/11/1982,296
Berge and Sons,Kylynn,8/28/1981,297
Hodkiewicz-Green,Jeth,11/20/2015,298
"Watsica, Donnelly and Frami",Ashely,9/24/2004,299
"Connelly, Monahan and Harber",Kingsley,12/20/2018,300
Leannon-Roob,Daisy,9/12/1997,301
Zulauf-Corwin,Eduardo,9/4/2003,302
"Durgan, Okuneva and Bernhard",Molli,5/22/1986,303
Ward Inc,Toni,11/27/2013,304
Runolfsson-Crona,Asa,12/5/2015,305
"Labadie, Hermann and Nicolas",Gayel,11/16/1989,306
Jones-Grady,Kayley,7/8/1987,307
Breitenberg Inc,Benyamin,5/26/1993,308
"Kihn, Ritchie and Schmeler",Humfried,12/1/2002,309
"Reilly, Simonis and Wunsch",Shandra,9/29/1989,310
Roberts-Witting,Nana,4/9/1990,311
"Okuneva, O'Conner and O'Conner",Erek,7/6/1991,312
"Auer, Nader and Abshire",Carrie,12/29/2016,313
"Hand, Herzog and Morar",Kennith,2/22/2008,314
Kuhic Inc,Germana,8/25/2021,315
Block-Reichert,Fan,12/2/1992,316
"Herzog, Gislason and Hackett",Benedetto,7/24/2020,317
"Zemlak, Aufderhar and Murphy",Leonidas,11/15/2020,318
Medhurst-Frami,Gradeigh,7/9/1989,319
"Reichert, Homenick and Fay",Alie,5/31/1992,320
"Jacobi, Cronin and Swift",Nevin,6/20/1999,321
Smith-Labadie,Pippo,11/13/2007,322
Kunde and Sons,Maurits,5/14/2011,323
Russel LLC,Harri,6/1/1991,324
Nolan and Sons,Holt,10/24/1993,325
Wisoky-Senger,Alfie,5/16/2007,326
"Hickle, Emard and Stoltenberg",Vittoria,11/28/2022,327
Torp-Runte,Lacie,3/24/2007,328
Haag Group,Suki,9/22/1995,329
"Zulauf, Breitenberg and Towne",Lib,3/31/2006,330
Johnson LLC,Antoinette,4/2/2018,331
Lakin-Schulist,Petrina,6/14/1997,332
Fahey-Kessler,Nonie,1/15/2016,333
"Dickens, King and Schneider",Opal,11/16/1983,334
Hahn-Block,Milli,12/10/1984,335
"Schumm, Gottlieb and O'Connell",Elbertina,10/7/2008,336
"Padberg, Swift and Schaefer",Pinchas,11/13/2023,337
"Blick, Schumm and Torphy",Cori,2/16/2011,338
"Adams, O'Reilly and Kessler",Natka,1/7/1995,339
Bergnaum LLC,La verne,6/5/1980,340
Okuneva and Sons,Selie,5/7/1981,341
Kirlin and Sons,Cathe,3/15/1992,342
Lakin-Johnson,Cam,11/29/2021,343
"Monahan, Marquardt and Reichel",Sarine,6/30/1991,344
Runolfsson-Gottlieb,Carita,10/1/1999,345
Huels and Sons,Katleen,6/7/1982,346
"Boyle, Daugherty and Gulgowski",Baird,4/13/2013,347
Swift LLC,Carolina,12/5/1994,348
Harvey-Erdman,Rick,3/29/1984,349
Nolan-Will,Casper,7/14/1999,350
Glover Group,Vinny,12/3/1987,351
Grant-Schimmel,Madelon,8/19/2022,352
"Stark, Reichert and Bartoletti",Amalie,5/3/1993,353
Hessel-Quitzon,Andriette,4/24/1988,354
Balistreri and Sons,Noelani,5/11/2012,355
Abshire Inc,Taffy,1/27/2021,356
Powlowski LLC,Torrence,6/2/1984,357
Nader LLC,Tallulah,8/21/1995,358
Medhurst Group,Hansiain,4/29/2002,359
Hammes-Schuppe,Denis,2/27/1981,360
O'Keefe and Sons,Marlie,8/17/1991,361
Kilback-Corwin,Liam,5/29/2023,362
Farrell-McGlynn,Rakel,11/17/2022,363
Crist Inc,Avril,11/23/2018,364
"Halvorson, Vandervort and Borer",Fanny,12/30/1999,365
"Hettinger, Yundt and Weber",Brit,2/21/2002,366
"Carter, Mante and Veum",Jonis,1/30/2012,367
"Batz, Schmeler and Batz",Kalinda,2/22/2019,368
Huel-Bechtelar,Horace,3/14/2000,369
"Goyette, Bernhard and Kautzer",Nancie,6/3/2017,370
Herman-Kris,Salli,10/2/1993,371
"Marvin, Tromp and Torp",Inger,12/27/2016,372
Purdy-Reichert,Melba,5/5/2009,373
Botsford LLC,Quinton,11/6/1985,374
"Farrell, Rosenbaum and Langosh",Augie,5/19/2019,375
Nienow-Labadie,Electra,6/10/1992,376
Smitham-Schuster,Reine,2/2/1993,377
Runolfsdottir-Kunde,Joline,6/4/2017,378
Emmerich and Sons,Pattie,10/27/2012,379
Zboncak-Beer,Anastasie,1/21/2001,380
Hermann-Olson,Gina,7/20/2019,381
"Grant, Heathcote and Purdy",Jemmy,11/27/2003,382
Bayer-Rippin,Leeann,3/1/2012,383
"Daugherty, Hansen and Kiehn",Chryste,12/9/2023,384
"Goyette, Vandervort and Donnelly",Dinah,5/9/2018,385
"Hettinger, Lind and Stokes",Margi,3/30/1991,386
Ziemann Inc,Wendell,2/26/1983,387
Mohr-Kassulke,Nickey,4/30/2020,388
"Keeling, Ebert and Morar",Cheston,11/17/2019,389
"Howell, Cruickshank and Williamson",Saleem,1/22/1994,390
"Sporer, Runte and Rutherford",Livvie,12/3/2010,391
Heidenreich and Sons,Mitchel,3/26/2010,392
Luettgen Group,Hi,7/13/1984,393
Turcotte Group,Shayne,5/14/1989,394
Quitzon-Kerluke,Bari,1/26/2020,395
Lind-Batz,Winifield,3/3/1990,396
Von-Cruickshank,Corabella,3/22/1995,397
Runolfsdottir-Carroll,Janaye,8/11/2000,398
"Quitzon, Hodkiewicz and Lemke",Fidel,5/26/2004,399
Hagenes-Flatley,Bria,11/24/2009,400
Rohan-Walker,Crin,1/19/1988,401
"Feeney, Maggio and Denesik",Urban,2/23/1985,402
"Krajcik, Gerhold and Hodkiewicz",Leta,12/14/1989,403
"Kuhn, Dooley and Hermann",Warden,8/13/1984,404
Hauck-Stoltenberg,Kylie,9/22/2020,405
"Kirlin, Hoeger and Will",Sheree,4/13/2015,406
"Miller, Pollich and Moen",Rabi,9/9/2022,407
Bechtelar and Sons,Marco,8/8/1985,408
Becker-Langworth,Lisabeth,11/8/1998,409
King Inc,Simonette,11/20/2019,410
"Mertz, Howe and Kulas",Moina,6/19/2020,411
Bartoletti-Harris,Jonis,8/4/1995,412
Rodriguez and Sons,Adria,11/21/2004,413
Grady-VonRueden,Bea,12/3/2019,414
"Armstrong, Bednar and Bode",Francyne,11/6/2015,415
"Collier, Hirthe and Friesen",Traver,7/31/2012,416
Wiza-Wiegand,Domeniga,11/16/2007,417
"Beahan, Nader and Reichel",Basil,7/2/1985,418
McLaughlin-Kuhic,Lindie,10/17/2007,419
Gutkowski LLC,Carolyn,7/24/1990,420
"Osinski, Larkin and Fahey",Odelinda,9/24/2019,421
Simonis-Auer,Hobie,7/7/2016,422
Treutel and Sons,Neile,5/26/1987,423
Emard and Sons,Chryste,3/2/2016,424
Jast Inc,Catha,6/25/1984,425
"Mertz, Cassin and Pacocha",Karalee,2/4/1992,426
Huel LLC,Anita,2/23/1992,427
Feest-Konopelski,Mickey,8/8/1999,428
Mraz LLC,Karlene,1/22/1985,429
"Schuster, Hagenes and Schroeder",Glenna,10/20/1994,430
Tromp Inc,Jennica,3/21/2017,431
Quitzon Inc,Forster,7/5/2012,432
"Wisoky, Lindgren and Crooks",Max,3/20/2023,433
Strosin-Harris,Griffith,11/18/1980,434
Steuber Group,Enrika,1/19/2023,435
Leannon Inc,Devi,9/14/2009,436
O'Keefe LLC,Camille,1/22/2013,437
"Breitenberg, Batz and Nader",Gaynor,3/8/2007,438
Lubowitz Inc,Lou,1/6/2012,439
Roob Group,Andrew,9/30/2000,440
"Satterfield, Leuschke and Buckridge",Kirby,11/29/1983,441
Abshire Group,Ara,7/10/2007,442
Romaguera-Weber,Audre,3/23/2013,443
Ebert Group,Genny,1/15/2022,444
"Heller, Quitzon and Konopelski",Raquela,3/9/1996,445
"Kerluke, Langworth and Jacobi",Delaney,10/29/1995,446
Walker LLC,Hesther,3/6/1995,447
Collier-Terry,Franny,8/1/2011,448
Weissnat Inc,Ernst,8/27/2013,449
"Schiller, Huel and Cruickshank",Mikkel,4/8/2018,450
"Stehr, Pfannerstill and Strosin",Sandie,6/14/2006,451
"Fisher, Shields and Anderson",Baldwin,11/15/1999,452
Powlowski and Sons,Hetty,3/14/2001,453
Wolff LLC,Madison,9/1/2012,454
"Nicolas, Schaefer and Hand",Mitchell,6/25/1983,455
"Feest, Block and West",Taddeo,6/11/2020,456
Sipes and Sons,Debor,10/10/2021,457
Powlowski-Wiegand,Jennilee,4/3/2006,458
Wisoky Inc,Cherri,10/9/2020,459
Beier-Abbott,Thom,4/26/1988,460
"Romaguera, Bergnaum and Runolfsson",Elden,7/14/2023,461
"Hagenes, Rau and Reichert",Bogey,5/5/1986,462
"Breitenberg, Pagac and Gislason",Libbey,2/11/2006,463
"Rogahn, Hermann and Ankunding",Anastasie,2/7/2004,464
Jacobson-Labadie,Jay,3/10/1981,465
"Kunde, Parisian and Larkin",Luise,3/20/1995,466
Ritchie-Carter,Darcy,4/7/1995,467
"Paucek, Gleichner and Mertz",Sayers,1/5/2003,468
Klocko LLC,Leesa,12/16/2008,469
"Bayer, Schumm and Runolfsson",Lu,7/21/2022,470
Beer and Sons,Keenan,5/26/1983,471
"Legros, Ward and Schoen",Bryon,9/28/2013,472
"Schaefer, Waters and Casper",Danie,8/25/2004,473
"Toy, Williamson and Glover",Holly,9/3/2023,474
Raynor Group,Garold,10/9/1994,475
Heathcote LLC,Thedric,8/1/2023,476
Klein LLC,Jo,11/5/2005,477
"Frami, Miller and Gleason",Valdemar,11/11/1984,478
Hagenes Inc,Vassili,3/10/1997,479
Fisher-Price,Wadsworth,11/24/2023,480
Howe Inc,Marlie,4/2/2007,481
Frami and Sons,Moyra,5/27/1995,482
"Ernser, Christiansen and Ziemann",Lanette,1/7/1999,483
Yost-Flatley,Everard,5/3/1991,484
Haley-Thompson,Andreas,1/22/2008,485
Cummerata-Doyle,Hughie,7/31/2021,486
Raynor Group,Orville,1/29/1996,487
"VonRueden, Wilderman and Emard",Alonzo,12/2/1981,488
Huels-Schaefer,Samuel,2/16/2010,489
Luettgen-Graham,Trenton,3/8/2012,490
Rutherford-Fritsch,Nixie,6/16/1984,491
Padberg-Quigley,Monti,7/7/2013,492
Fahey-Sporer,Fredrick,3/18/1990,493
Hauck-Senger,Wandis,1/20/2023,494
Funk-Kuhic,Nev,9/26/2017,495
"King, Leuschke and Rau",Allis,3/9/2002,496
Hudson and Sons,Allie,9/24/1983,497
"Rogahn, Dickinson and Gulgowski",Adrienne,1/21/2024,498
Wiegand Group,Ev,10/11/2005,499
Lowe-Reichert,Ernest,9/8/2005,500
Runolfsdottir-Labadie,Teresina,1/4/2015,501
"Murphy, Kris and Runte",Boy,1/10/1981,502
Walker Inc,Una,10/21/2009,503
Klein-Leffler,Emmit,10/11/2007,504
Sawayn Inc,Grayce,2/10/2001,505
Weimann-Mills,Lesya,5/12/2008,506
"Murphy, Hane and Kuhlman",Gabi,2/5/1990,507
"Botsford, Ward and Cassin",Rob,1/24/2000,508
Hilll Inc,Nissa,1/30/1985,509
Haley Group,Dulcine,1/1/1996,510
"Greenholt, Lowe and Corkery",Wyn,9/8/2002,511
"Dickinson, Pagac and Collins",Darius,8/4/1990,512
Roob Group,Bree,5/11/2009,513
Reilly-Corwin,Brandais,2/3/1984,514
"Little, Monahan and Thiel",Elita,12/20/1998,515
Thompson-MacGyver,Amby,2/18/2017,516
Spinka-Adams,Josias,10/2/2019,517
"Schmitt, Feil and Kessler",Angie,9/15/1994,518
"Windler, Swaniawski and Herzog",Gonzalo,1/12/2015,519
Kuhlman-Boehm,Gareth,11/30/2004,520
Becker-Bosco,Ashia,11/17/2021,521
"Bailey, Dietrich and Jacobi",Berkley,8/17/2011,522
Ondricka Inc,Clayborn,1/6/2007,523
"DuBuque, Carroll and Bechtelar",Scottie,8/26/1999,524
"Cole, Hagenes and Kemmer",Leona,12/23/1994,525
Marquardt and Sons,Lon,6/3/1987,526
Gutmann-Maggio,Kippy,6/22/2018,527
Mraz-Walter,Kelby,10/21/1994,528
Mueller Group,Hersch,2/3/1988,529
Hand Inc,Rosemaria,4/23/2015,530
"Lockman, Nitzsche and Wilderman",Yalonda,4/8/2012,531
Denesik and Sons,Rinaldo,9/8/2013,532
Johns-Willms,Sisile,4/5/1996,533
Hessel Inc,Grannie,12/21/1991,534
Will LLC,Estevan,2/23/2007,535
Lind Inc,Standford,6/30/2006,536
Yundt and Sons,Kendal,1/4/2003,537
"Windler, Hermiston and Ondricka",Braden,9/6/2008,538
Greenfelder Group,Stirling,3/17/2019,539
Yost and Sons,Ermanno,8/9/1992,540
Upton-Hartmann,Junia,2/13/1981,541
Zieme-Windler,Inna,8/3/2012,542
Wisoky Inc,Sidoney,9/8/2001,543
"Hettinger, Jast and Torp",Heida,5/4/2016,544
Bode-Dicki,Godard,8/3/1995,545
Cronin-Tillman,Pavia,8/11/1994,546
"Mills, Nicolas and Mosciski",Heloise,5/9/2020,547
Kutch Group,Farrell,1/13/2006,548
Gutkowski-Schmitt,Anton,12/3/1983,549
Pollich LLC,Geralda,2/14/1984,550
Crooks-Prohaska,Rodge,6/30/1994,551
Nolan-Stracke,Ericka,8/25/2020,552
Carter Inc,Harlie,4/27/1998,553
"Ziemann, Friesen and Grant",Fern,2/24/1987,554
Mohr-Harvey,Katine,7/6/1998,555
Wehner-Waters,Evaleen,2/15/2023,556
"Pfannerstill, Bruen and Koepp",Fanny,8/14/2001,557
Fahey and Sons,Malinda,5/11/2016,558
Weber-Ortiz,Claude,12/25/1989,559
"Botsford, Quigley and Jast",Kailey,9/26/1990,560
"Kozey, Harvey and Gulgowski",Lind,9/16/2003,561
"Bernier, Becker and Boyer",Biddie,3/21/2009,562
"Conroy, Prohaska and Medhurst",Angie,10/25/2001,563
Cartwright-Flatley,Angela,2/8/2000,564
"Jast, Abbott and Mosciski",Karly,11/6/2003,565
"Schoen, Jacobson and Abbott",Trace,10/31/2002,566
"Heidenreich, Labadie and Smitham",Shirley,4/23/1990,567
"Schowalter, Tillman and Howe",Mattie,6/22/2016,568
White-O'Conner,Gardiner,11/16/2000,569
Walsh-McCullough,Brandice,2/19/1994,570
McClure and Sons,Ignaz,6/2/2017,571
"Hermiston, Pfannerstill and Leannon",Harlene,8/16/1987,572
Christiansen-Wilderman,Renell,2/15/1985,573
Haag-Macejkovic,Sephira,4/20/2009,574
Carter Inc,Emanuele,4/4/1981,575
Wilkinson-Muller,Rivi,1/27/2010,576
O'Reilly LLC,Tessi,3/22/1992,577
O'Conner-Kuhlman,Pall,4/5/2008,578
"Powlowski, Marvin and Hackett",Arty,10/20/2004,579
Berge-Bins,Stoddard,9/23/1999,580
Keebler-Kutch,Sly,7/3/2000,581
Kshlerin LLC,Menard,12/26/1999,582
"Bradtke, Sanford and Reynolds",Leupold,4/2/1993,583
Renner-Harris,Dee,9/25/2021,584
Beatty-Fritsch,Afton,3/5/2008,585
Bauch LLC,Denney,2/28/1987,586
Schultz and Sons,Valaree,12/5/1999,587
Effertz-Wiza,Marketa,1/14/2013,588
"Stokes, Trantow and Prohaska",Zorina,12/31/2018,589
Zulauf LLC,Vincenty,2/15/1986,590
"Gorczany, Lakin and Botsford",Gabe,12/20/2019,591
Terry-Spinka,Currey,11/27/1998,592
Dicki Inc,Cindy,8/13/2005,593
Renner and Sons,Stanislas,9/20/2023,594
"Kovacek, Gleichner and Nikolaus",Meryl,10/11/1989,595
"Kris, Murazik and Quitzon",Ammamaria,8/2/1993,596
"Glover, Jacobs and Hilpert",Cly,2/27/1994,597
Huels-Grimes,Clive,3/15/2001,598
Hegmann Group,Krystalle,1/29/2003,599
Graham LLC,Sella,11/16/1995,600
"Hauck, Bartoletti and Okuneva",Marji,9/17/2016,601
Schultz LLC,Lina,4/23/1995,602
Fisher-Morissette,Griswold,10/16/1995,603
"Kuphal, Gottlieb and Romaguera",Isabelle,11/18/2008,604
Pouros-Cassin,Tynan,12/16/2005,605
Jacobson Inc,Windy,2/14/2018,606
Nicolas-Lang,Reeta,9/30/2009,607
Beahan and Sons,Peri,5/9/2017,608
Lubowitz Group,Elfreda,12/20/1984,609
"Ledner, Kilback and Mills",Andi,8/17/1984,610
"Hilll, Rodriguez and Crooks",Brandtr,11/11/2016,611
"Maggio, Reinger and Block",Bevan,2/17/2003,612
"Crona, Buckridge and Bode",Dionysus,9/29/2011,613
Treutel and Sons,Gino,3/5/2008,614
"Renner, McClure and Ratke",Misty,2/13/2003,615
Anderson-Cartwright,Jacquie,6/14/1995,616
"Hegmann, Gibson and Howe",Casey,11/19/1983,617
Grimes LLC,Langsdon,10/14/1980,618
Ferry-Russel,Pauly,1/23/1995,619
"Rodriguez, Leffler and Lebsack",Brittany,6/27/2015,620
Connelly Group,Fee,3/20/2016,621
Quigley-Connelly,Raine,12/6/2012,622
"Weber, Rice and Funk",Phedra,4/15/1999,623
"Ferry, Bauch and Runolfsson",Decca,12/13/2001,624
"O'Keefe, Kling and Osinski",Charlie,2/6/2006,625
Parker-Brown,Sukey,7/11/1982,626
Bechtelar Group,Lindsay,10/14/2016,627
"White, Thiel and Bergnaum",Rachael,12/25/2000,628
Christiansen Group,Elle,1/27/2023,629
Flatley Group,Stephanus,9/14/2007,630
Klocko Group,Shae,11/18/2022,631
"Schaden, Gerhold and Kshlerin",Cathrine,7/26/2001,632
Turcotte-Johns,Kitty,5/16/1988,633
"Feeney, Stoltenberg and Bartell",Brant,4/21/2018,634
Zieme and Sons,Shantee,1/12/1984,635
"Parisian, Wuckert and Labadie",Ulrick,4/1/2000,636
Farrell LLC,Eden,8/27/1999,637
"Ruecker, Prohaska and Glover",Janeva,1/9/2020,638
"Klocko, Bergnaum and Robel",Malva,8/28/1996,639
"Shanahan, Quigley and Runte",Christyna,12/14/1998,640
"Stokes, Hartmann and Wyman",Ramsay,12/29/2003,641
Greenfelder Inc,Rubie,9/24/2007,642
"D'Amore, Herman and Leannon",Falkner,7/11/2006,643
Leannon LLC,Katerine,7/24/1990,644
"Ryan, Tremblay and Keeling",Eddie,3/27/1993,645
"Bashirian, Schmidt and Kuhlman",Kasey,9/9/2001,646
O'Hara LLC,Krystal,10/4/1995,647
Bruen-Marvin,Jilleen,1/3/1985,648
"Wiegand, Breitenberg and Lakin",Tera,11/25/2002,649
Gerlach Group,Bobby,6/13/1995,650
"Wisoky, Bernier and Halvorson",Jillene,8/1/1994,651
"Hagenes, Haley and Pouros",Morris,4/20/1990,652
Jacobi LLC,Skip,4/27/2007,653
Brown Group,Anallise,1/24/2016,654
Kovacek LLC,Kellen,4/3/2005,655
Grimes Inc,Bernardine,3/31/2013,656
"Walker, Torphy and Predovic",Pier,9/10/2001,657
"Dickinson, Rodriguez and Wunsch",Alexina,5/15/1986,658
"Feest, Gutkowski and Reynolds",Vittorio,5/21/2009,659
"Thompson, Nicolas and Bruen",Katalin,12/10/2015,660
Ankunding Inc,Caroline,9/2/2008,661
Braun and Sons,Lula,11/28/2021,662
Streich Group,Lindie,4/13/2016,663
Hartmann-Hegmann,Charyl,10/23/1999,664
Boyle-Schmidt,Dody,10/8/1989,665
Nolan LLC,Moselle,4/12/2016,666
Corkery-Quigley,Ebenezer,5/2/1992,667
Grimes-Becker,Horatia,4/24/2024,668
Schumm-Cummings,Stanford,12/29/1999,669
Thompson LLC,Puff,12/20/1999,670
Ruecker-Gutkowski,Foss,8/29/2015,671
Hirthe Group,Rochette,6/17/2015,672
Goodwin Group,Gearalt,11/18/1986,673
Grimes and Sons,Hinda,6/26/1984,674
Tremblay-Ankunding,Dun,4/5/2010,675
Hyatt LLC,Blinnie,1/30/1981,676
Reynolds LLC,Franciska,8/18/1991,677
"Gleason, Jaskolski and Cassin",Gracia,2/20/1992,678
O'Conner-Conn,Delila,12/14/2023,679
Carter-Monahan,Nickolaus,7/9/2011,680
Schinner-Murazik,Isa,3/29/2008,681
Schowalter-Stamm,Maje,3/7/1999,682
Yundt Group,Yardley,7/3/1997,683
Goodwin Inc,Alden,7/13/2005,684
Treutel-Kohler,Gordy,2/9/2015,685
Watsica-Stamm,Ashlee,9/20/2021,686
Gutkowski and Sons,Shana,6/19/2004,687
Leffler-Muller,Zebulen,7/26/2005,688
Wilkinson and Sons,Lucila,4/7/1997,689
Larson-Lubowitz,Adelina,1/30/2021,690
"Ortiz, Schaden and Ritchie",Ashly,9/7/2011,691
"O'Kon, Adams and Torp",Gaylor,3/31/2021,692
Lebsack-Yundt,Trix,12/24/2005,693
Braun-Daniel,Carina,11/24/1980,694
Skiles-Zieme,Vida,12/7/1994,695
Harvey-Heaney,Dominica,9/24/2003,696
"Satterfield, Monahan and Towne",Bernita,11/5/1983,697
Orn LLC,Charyl,6/2/2018,698
"Leannon, Koepp and Kling",Julita,3/1/2002,699
"Lindgren, Heathcote and Gleichner",Ludovico,5/28/2006,700
Hegmann and Sons,Druci,11/6/2009,701
"Koelpin, Murazik and Cormier",Perry,7/10/2018,702
Kohler Group,Derek,5/4/2007,703
"Howe, Rath and Casper",Forest,9/14/1985,704
Block-Bauch,Lyell,12/27/1989,705
"Kovacek, Heller and King",Ki,12/25/1990,706
Abernathy-Conroy,Kevin,6/10/2013,707
"Streich, Hirthe and Pouros",Lucien,1/18/1981,708
"Wuckert, Satterfield and Hyatt",Yorgo,10/12/1988,709
Mills-Gerhold,Shena,5/29/1989,710
Okuneva and Sons,Gauthier,6/14/1995,711
"Howell, Macejkovic and Mante",Janos,10/30/1990,712
Hegmann Inc,Pollyanna,5/21/2000,713
"Green, Streich and Ratke",Leyla,2/4/1991,714
Bartoletti-Von,Vaclav,7/19/2014,715
Auer LLC,Dulce,8/3/2015,716
Boyer-Krajcik,Wally,4/13/1993,717
"Powlowski, Crooks and Kiehn",Quinta,7/13/2010,718
"Brakus, Lesch and Ward",Carr,5/28/1996,719
Heathcote Inc,Darrin,10/29/1989,720
Schultz-Gulgowski,Rayna,4/5/2001,721
"Bruen, Kassulke and Towne",Zacharias,3/25/1981,722
Schimmel Inc,Aldo,10/7/2001,723
Mann Inc,Carolyn,7/4/2020,724
Barton Inc,Katrina,4/24/2006,725
Connelly Inc,Shaw,1/1/2020,726
Collier-Funk,Conny,9/26/2005,727
"Brakus, Kulas and Heidenreich",Sarette,11/21/1982,728
Botsford Group,Fidel,6/1/2020,729
"Hamill, Yundt and O'Reilly",Carlina,7/6/1997,730
Walsh Inc,Antin,7/9/2016,731
Koch-Torp,Hubert,11/19/2008,732
"Nienow, Becker and Hayes",Stillman,8/31/1996,733
Hudson-Torp,Merrick,11/6/2004,734
Hansen-Yundt,Alvera,11/30/2008,735
Upton Group,Henrieta,1/10/1981,736
Casper-Zboncak,Daisey,6/15/2009,737
Russel-Parisian,Chere,12/11/2017,738
Schuppe-Quigley,Nanci,2/26/2023,739
"Lubowitz, Raynor and Braun",Erminie,11/5/2001,740
Weissnat-White,Filide,9/23/2001,741
Herzog-Lemke,Georgetta,9/27/1988,742
"Rutherford, Grimes and Braun",Jameson,3/11/2014,743
"Witting, Brekke and Boyer",Anstice,12/22/2008,744
"Crist, Veum and Kessler",Camellia,4/17/2022,745
Cronin LLC,Lisa,8/14/1991,746
Ebert-Cassin,Piggy,1/30/1981,747
Greenholt LLC,Enid,1/1/1995,748
Mueller-Jones,Lurlene,5/26/1988,749
"Homenick, Hagenes and Bayer",Immanuel,8/3/1985,750
"Bogan, Donnelly and Kuhn",Jody,3/22/1983,751
McKenzie-Barrows,Reeta,1/6/2018,752
Roberts LLC,Marylou,12/31/1997,753
Ernser-Ziemann,Mattheus,4/18/2009,754
"Kuphal, Koelpin and Shanahan",Adrianna,11/14/2023,755
Rolfson-Leuschke,Shela,11/28/1987,756
Fisher Group,Alisander,1/28/2000,757
"Herman, Jakubowski and Gerhold",Osmond,11/27/1980,758
Skiles and Sons,Seth,1/16/1991,759
Schmidt Inc,Modestia,9/22/2007,760
"Marquardt, Spinka and Strosin",Leora,6/12/2022,761
Mante Group,Sephira,4/30/2002,762
Wiegand Group,Morgen,8/5/2015,763
"Beier, Larson and Hermann",Herold,10/21/1984,764
Bayer-Keeling,Olvan,9/25/1996,765
"Grimes, Brown and Runte",Brodie,6/3/1998,766
Hintz-Kunze,Isak,6/3/1984,767
Boehm-Tromp,Sergeant,1/1/2008,768
"Connelly, Johns and Blanda",Lawry,12/16/1986,769
Hilll and Sons,Westleigh,8/16/2005,770
Oberbrunner Group,Kiel,5/19/2024,771
Rowe-Stamm,Hieronymus,12/24/1991,772
"Lebsack, Kovacek and Schuster",Schuyler,9/11/2010,773
Heaney and Sons,Clarissa,5/10/2018,774
Stiedemann Group,Shem,12/30/1985,775
"Hermiston, Walter and Gutkowski",Marty,1/20/1985,776
Upton Group,Maggie,6/18/1989,777
"Bins, Murazik and Zboncak",Goldie,3/28/1986,778
Hessel LLC,Celinda,1/17/2021,779
"Cronin, Gutmann and Douglas",Fawn,1/11/1983,780
Hudson LLC,Elbertina,9/19/2016,781
"Gutkowski, Mitchell and Lind",Chastity,10/30/2008,782
Kshlerin Inc,Humfrid,8/2/2023,783
Quigley and Sons,Sauncho,12/9/2007,784
"Kerluke, Ullrich and Toy",Emylee,4/6/1994,785
Greenfelder LLC,Papageno,3/20/1982,786
Bergnaum LLC,Correy,7/17/2005,787
Kassulke-Fisher,Rosalind,12/31/2001,788
Langworth-Reichert,Bartholomeo,7/18/1997,789
"Runolfsson, Krajcik and Lemke",Ashlen,3/29/1983,790
"Wintheiser, Yundt and Stroman",Denis,7/8/2009,791
"Kuphal, Kirlin and Cronin",Saxe,7/1/2021,792
Herman Inc,Elvina,6/18/1981,793
"Bergnaum, Morissette and Connelly",Faun,12/14/1989,794
Kshlerin-Effertz,Henriette,7/11/1989,795
Carroll Group,Sharon,3/11/2005,796
Schuster Group,Charlean,8/8/2011,797
"Shanahan, Roberts and Mertz",Meara,5/7/2024,798
Sipes-Veum,Zena,9/20/1993,799
Swift and Sons,Maximo,8/16/1982,800
Hessel LLC,Baxter,11/20/2023,801
Towne Group,Biddie,7/4/2023,802
"Mann, Harvey and Pagac",Meredithe,9/26/2000,803
"Herzog, Quitzon and Langosh",Nealon,3/14/1991,804
"Thiel, Hackett and Lebsack",Shanta,9/5/1994,805
Runte LLC,Matelda,5/9/2023,806
Sipes-Green,Erena,2/5/2022,807
Deckow Inc,Michail,3/17/1993,808
Fay LLC,Tina,4/22/1981,809
Auer LLC,Ursola,12/16/2008,810
Altenwerth-Walter,Sascha,3/2/2022,811
Schmidt-Rowe,Guillermo,10/9/2012,812
Kris-Reynolds,Lisha,4/15/2005,813
Lehner-Olson,Kirstin,7/18/2006,814
MacGyver LLC,Venus,1/11/1993,815
Hayes LLC,Marquita,5/19/2004,816
Torphy and Sons,Hedi,5/14/2012,817
Kuhlman LLC,Krysta,11/14/2008,818
"Barton, Bechtelar and Dibbert",Archibald,12/26/1990,819
O'Reilly Group,Grazia,3/26/2016,820
Rice and Sons,Averil,9/8/2018,821
Bergstrom Group,Darrick,8/9/2017,822
Stehr and Sons,Brenna,11/1/2018,823
Glover Inc,Claudette,6/16/2016,824
"Zieme, Crona and Quigley",Clementina,5/20/1989,825
Hermiston-Hammes,Raquela,5/23/2023,826
"Mohr, Ledner and Hermiston",Enos,1/19/2014,827
Paucek-Kiehn,Marten,10/15/1996,828
Watsica LLC,Gerrie,9/11/2001,829
"Mraz, Gislason and Cruickshank",Debby,6/28/1994,830
"Hoppe, Kessler and Daniel",Goran,6/4/2001,831
"Leffler, Bartoletti and Swift",Elicia,11/16/2000,832
Dare Group,Harwilll,7/24/2015,833
Jerde-Strosin,Gratia,11/4/1986,834
"Mayer, Lockman and Tremblay",Norton,5/11/2024,835
Nolan Group,Gray,9/4/1982,836
Collier Inc,Christi,6/10/1994,837
Weissnat LLC,Alberta,4/20/2011,838
"Hessel, Beier and Barrows",Toma,7/11/1984,839
"Hansen, Gibson and Ondricka",Stephen,10/26/1986,840
"Hills, O'Kon and Huels",Herb,1/31/1997,841
"Ryan, Gislason and Barrows",Frederica,5/23/1993,842
"Kiehn, Effertz and Kirlin",Rock,2/10/1981,843
Torp-Murphy,Michaeline,3/21/2000,844
Hermann-Mertz,Cash,10/18/1994,845
"Lueilwitz, Cole and Fadel",Arty,10/8/2013,846
"Lesch, Bogan and Glover",Cloris,4/21/1983,847
Jerde Group,Sheila,6/23/1994,848
Herman Group,Filip,8/24/2006,849
Roob-Conroy,Gilbertine,12/18/2008,850
Waters LLC,Bard,11/18/2008,851
Kuhic-Langworth,Adrea,6/4/2006,852
D'Amore-Shanahan,Carlen,1/3/2013,853
Yost-King,Opal,11/7/1984,854
Bechtelar-Pacocha,Adoree,12/7/2022,855
Lang-Hilll,Bobbie,9/1/1994,856
"Skiles, Kemmer and Ruecker",Karole,2/24/1989,857
McClure-Cole,Fulvia,5/18/2011,858
Langworth-Senger,Allianora,5/31/2014,859
"Schamberger, Macejkovic and Wuckert",Melinda,9/12/2000,860
"Daugherty, Murray and Welch",Pam,11/20/1982,861
Hane and Sons,York,2/26/2004,862
Yost LLC,Shelly,2/13/1995,863
"Rau, O'Kon and Kub",Germaine,3/11/2015,864
Balistreri-Roob,Rory,1/15/2012,865
Sanford-Lockman,Nonie,11/25/2000,866
Bailey-Runolfsdottir,Janna,8/31/2001,867
"Spencer, Stark and Lemke",Demetre,5/6/2020,868
Williamson-Nitzsche,Nikola,5/19/1988,869
Satterfield-Kreiger,Hurlee,2/21/2020,870
"Raynor, Metz and Predovic",Burl,10/15/1987,871
Homenick LLC,Oran,9/22/2001,872
Reilly Inc,Sarette,5/27/1987,873
Kilback-Brakus,Hilly,1/2/2016,874
Reinger-Spinka,Brian,12/22/1997,875
"Runte, Swaniawski and Klocko",Sissy,8/1/1987,876
"Schumm, Schultz and Leuschke",Izzy,2/20/2014,877
Wiza-Leuschke,Skyler,8/21/2006,878
Veum-Harris,Arliene,12/20/1990,879
"Klein, Boyle and Effertz",Dena,11/5/2020,880
"Quitzon, Walker and Sanford",Florian,10/4/2023,881
Hodkiewicz-Kertzmann,Vania,3/31/2000,882
"Homenick, Moore and Block",Veronique,10/7/2022,883
"Connelly, Emmerich and Wilkinson",Aldo,12/9/1984,884
Mueller-Hettinger,Olin,5/9/1997,885
Gulgowski Group,Zitella,1/16/1981,886
Haag and Sons,Jeanna,11/22/2000,887
Huels Group,Binni,12/27/2018,888
Sanford-Torphy,Doloritas,8/11/1981,889
"Stracke, Kovacek and Shanahan",Andree,10/24/2003,890
Mohr-Schaefer,Urson,2/3/1982,891
Shanahan-Carroll,Brynna,7/31/2021,892
Schaefer Group,Gaylene,8/11/2008,893
"Bogan, Goldner and Willms",Hyacinth,12/11/2016,894
Schowalter and Sons,Benni,2/5/2008,895
Corwin Inc,Lu,8/5/2021,896
"Heidenreich, Christiansen and Wiza",Corbet,5/26/2021,897
Considine LLC,Garwin,3/5/1991,898
"White, Windler and Bins",Davine,9/7/1988,899
Stehr LLC,Corena,5/12/1992,900
"Boyer, Hoeger and Erdman",Madelon,12/28/1980,901
"Bartoletti, Mueller and Beahan",Fey,4/16/1990,902
"Stanton, Thiel and Schulist",Silvan,1/30/1981,903
"Hoppe, Prosacco and O'Conner",Laurella,8/23/2020,904
Murazik-Lemke,Linette,4/4/2017,905
Daniel-Doyle,Natka,8/24/1998,906
Kshlerin-Johnston,Olivier,1/5/1982,907
"Nolan, Jenkins and Abernathy",Bank,2/19/2001,908
Funk-Beahan,Roddy,1/13/2021,909
Harris-Jacobi,Phineas,4/10/1988,910
Connelly LLC,Bellanca,11/5/2007,911
Ritchie-Metz,Maxie,4/24/1998,912
Dach-Stoltenberg,Jilleen,8/31/2009,913
"Cormier, Nitzsche and Schulist",Brinna,4/7/2018,914
Stehr Inc,Venita,3/12/1996,915
"Parker, Stracke and Robel",Elia,1/27/2004,916
"Greenfelder, Heidenreich and O'Reilly",Kliment,10/20/2022,917
Mayert Inc,Archibold,3/31/1992,918
Streich Inc,Thomasine,1/26/2021,919
Waelchi-Funk,Enrique,11/15/2013,920
Schoen Inc,Rafaela,2/8/2001,921
Mann-Schuster,Gloriana,2/10/1999,922
"Thompson, Zboncak and Kris",Niki,5/22/2022,923
"Powlowski, Wisozk and Smith",Ericha,12/1/2004,924
Rohan-Kerluke,Corella,10/19/2001,925
Abbott Inc,Heall,1/7/2010,926
"Nolan, Wunsch and Schowalter",Kimmi,4/9/2017,927
"Jast, Cormier and Gutmann",Brigham,4/19/1981,928
Tromp-Considine,Lorri,7/7/2013,929
Rogahn Inc,Mariska,7/21/1992,930
"Hauck, Collier and Champlin",Julienne,7/12/2014,931
Senger Group,Maximilianus,9/15/2004,932
Kovacek-Harvey,Berte,5/29/2002,933
Carroll Inc,Nevin,1/17/2017,934
"Huel, Legros and VonRueden",Paulo,11/12/1996,935
"Schneider, Barton and Shields",Anica,5/15/1994,936
"Turcotte, Bayer and Witting",Dulci,5/18/1984,937
Runte Group,Kendell,11/28/2013,938
"Veum, Muller and Bauch",Corissa,12/26/1989,939
Kuhn-Williamson,Dalton,9/29/1998,940
"Mraz, Barton and Ortiz",Lara,6/26/2017,941
"Mills, Thompson and Von",Sid,11/20/1991,942
Emard LLC,Eddi,5/21/2017,943
"Parisian, Mann and Cormier",Herculie,5/31/2004,944
Dickinson Inc,Jeffie,5/26/1982,945
Harber-Goodwin,Wanids,12/6/2002,946
Rice Group,Lynsey,9/27/2009,947
Haley-Howe,Murial,5/4/1994,948
Schiller-Hills,Rickie,9/24/1998,949
Kihn-O'Keefe,Kara-lynn,11/28/2018,950
"Jacobson, Toy and Olson",Xerxes,4/18/1981,951
Hodkiewicz-Tromp,Ignacius,3/7/1995,952
"Bartoletti, Wisoky and Graham",Lizette,6/20/1997,953
Skiles and Sons,Welch,12/15/1982,954
Kirlin and Sons,Jaimie,6/30/2011,955
Bergnaum LLC,Lidia,7/16/1995,956
Parker Group,West,5/9/2012,957
Skiles and Sons,Betsy,3/27/1985,958
Kuhic-Lang,Yanaton,9/15/2011,959
Bashirian and Sons,Julianna,1/6/2002,960
"Lowe, Stoltenberg and Mayer",Derick,10/20/2009,961
Blick Inc,Ronda,3/24/2007,962
Baumbach Group,Felice,7/30/2010,963
"Hegmann, Vandervort and Wiegand",Arlee,1/31/1982,964
"Rempel, Beer and Jakubowski",Mortimer,11/5/1987,965
"DuBuque, Runolfsdottir and Feest",Kellia,6/17/2021,966
Boyle-Wuckert,Bartholomeus,6/20/2008,967
Berge-Hayes,Bernete,11/6/1999,968
Borer and Sons,Analiese,8/11/1983,969
Lang-Davis,Willi,6/16/2018,970
Satterfield LLC,Cecily,11/14/2023,971
Volkman-Fisher,Bond,9/30/2017,972
Walter-Heidenreich,Chadd,4/19/2012,973
Leffler and Sons,Simmonds,12/20/2020,974
"Thompson, Schaden and DuBuque",Angelina,10/15/2000,975
Marks Inc,Joyce,2/28/1986,976
"Torphy, Block and Rolfson",Barron,1/7/1982,977
"Moen, Rolfson and Hyatt",Timotheus,7/29/1988,978
"Fay, Walsh and VonRueden",Kendricks,4/4/2009,979
"MacGyver, Ferry and Labadie",Hurley,6/18/2001,980
Reynolds-Friesen,Erik,10/29/2009,981
Ritchie Inc,Hillard,3/17/1990,982
Goldner LLC,Doti,3/3/2007,983
Bartoletti-Rodriguez,Winifred,2/14/2011,984
Gleichner-Casper,Farica,8/6/2018,985
Skiles LLC,Sylas,1/9/1997,986
Wintheiser-Lakin,Parker,6/26/1993,987
Dickens and Sons,Binnie,8/10/1981,988
"Greenfelder, Reichel and Schulist",Keelia,10/25/1980,989
Huels and Sons,Georgie,6/19/2022,990
"Zieme, Shields and Lang",Drusi,1/25/1981,991
"Hansen, Moore and Corkery",Madlen,5/4/1987,992
"Marquardt, Veum and Yost",Erminia,11/18/2013,993
Stamm-Hudson,Lynnet,5/30/2019,994
Rosenbaum-Prohaska,Brittni,4/2/2004,995
Hartmann Group,Bailey,10/4/1982,996
"Schoen, Lakin and Hegmann",Sandro,10/25/1992,997
Reynolds-Hintz,Kai,1/8/2007,998
"Hermann, Barrows and Schumm",Osbourn,6/7/1984,999
"Bernhard, Klocko and Windler",Kate,6/5/2004,1000
